/*
SQLyog Community v11.51 (32 bit)
MySQL - 5.5.44-0ubuntu0.14.04.1 : Database - yogiAccount
*********************************************************************
*/

/*!40101 SET NAMES utf8 */;

/*!40101 SET SQL_MODE=''*/;

/*!40014 SET @OLD_UNIQUE_CHECKS=@@UNIQUE_CHECKS, UNIQUE_CHECKS=0 */;
/*!40014 SET @OLD_FOREIGN_KEY_CHECKS=@@FOREIGN_KEY_CHECKS, FOREIGN_KEY_CHECKS=0 */;
/*!40101 SET @OLD_SQL_MODE=@@SQL_MODE, SQL_MODE='NO_AUTO_VALUE_ON_ZERO' */;
/*!40111 SET @OLD_SQL_NOTES=@@SQL_NOTES, SQL_NOTES=0 */;
CREATE DATABASE /*!32312 IF NOT EXISTS*/`yogiAccount` /*!40100 DEFAULT CHARACTER SET latin1 */;

USE `yogiAccount`;

/*Table structure for table `account_feature` */

DROP TABLE IF EXISTS `account_feature`;

CREATE TABLE `account_feature` (
  `id` bigint(20) NOT NULL AUTO_INCREMENT,
  `version` bigint(20) NOT NULL,
  `active_interset_calculation` bit(1) NOT NULL,
  `allow_cash_accounts_in_journals` bit(1) NOT NULL,
  `allow_expenses_fixed_assets_in_purchase_accounts` bit(1) NOT NULL,
  `allow_income_accounts_in_sale_vouchers` bit(1) NOT NULL,
  `allow_multiple_currency` bit(1) NOT NULL,
  `allow_others_details` bit(1) NOT NULL,
  `company_id` bigint(20) NOT NULL,
  `date_format` bit(1) NOT NULL,
  `decimal_character_to_use_in_amount` bit(1) NOT NULL,
  `enable_cheque_printing` bit(1) NOT NULL,
  `for_nontrading_account_also` bit(1) NOT NULL,
  `income_expense_statement_instead_ofpl` bit(1) NOT NULL,
  `maintain_bill_wise_details` bit(1) NOT NULL,
  `show_balance_as_on_voucher_date` bit(1) NOT NULL,
  `show_ledger_balance` bit(1) NOT NULL,
  `showbillwise_details` bit(1) NOT NULL,
  `unique_key` int(11) NOT NULL,
  `use_address_for_ledger_accounts` bit(1) NOT NULL,
  `use_alias_name_along_with_namein_forms` bit(1) NOT NULL,
  `use_alias_name_in_report` bit(1) NOT NULL,
  `use_contacts_details_for_ledger_accounts` bit(1) NOT NULL,
  `use_cr_dr_instead_of_to_by` bit(1) NOT NULL,
  `use_debit_credit_notes` bit(1) NOT NULL,
  `use_name_in_report` bit(1) NOT NULL,
  `use_payment_recepit_as_contra` bit(1) NOT NULL,
  `use_perfix_symbol_fo_credit_amount` bit(1) NOT NULL,
  `use_perfix_symbol_for_debit_amount` bit(1) NOT NULL,
  `use_postfix_symbol_for_credit_amount` bit(1) NOT NULL,
  `use_postfix_symbol_for_debit_amount` bit(1) NOT NULL,
  `use_single_entry_mode_for_contra` bit(1) NOT NULL,
  `use_single_entry_mode_for_credit` bit(1) NOT NULL,
  `use_single_entry_mode_for_debit` bit(1) NOT NULL,
  `use_single_entry_mode_for_payment` bit(1) NOT NULL,
  `use_single_entry_mode_for_purchase` bit(1) NOT NULL,
  `use_single_entry_mode_for_recepit` bit(1) NOT NULL,
  `use_single_entry_mode_for_sale` bit(1) NOT NULL,
  `used_advance_parameters` bit(1) NOT NULL,
  `warn_on_negative_cash_balance` bit(1) NOT NULL,
  PRIMARY KEY (`id`),
  KEY `FK_n5adhltblsfk6nmp03q0xd1hs` (`company_id`),
  CONSTRAINT `FK_n5adhltblsfk6nmp03q0xd1hs` FOREIGN KEY (`company_id`) REFERENCES `company` (`id`)
) ENGINE=InnoDB AUTO_INCREMENT=7 DEFAULT CHARSET=latin1;

/*Data for the table `account_feature` */

insert  into `account_feature`(`id`,`version`,`active_interset_calculation`,`allow_cash_accounts_in_journals`,`allow_expenses_fixed_assets_in_purchase_accounts`,`allow_income_accounts_in_sale_vouchers`,`allow_multiple_currency`,`allow_others_details`,`company_id`,`date_format`,`decimal_character_to_use_in_amount`,`enable_cheque_printing`,`for_nontrading_account_also`,`income_expense_statement_instead_ofpl`,`maintain_bill_wise_details`,`show_balance_as_on_voucher_date`,`show_ledger_balance`,`showbillwise_details`,`unique_key`,`use_address_for_ledger_accounts`,`use_alias_name_along_with_namein_forms`,`use_alias_name_in_report`,`use_contacts_details_for_ledger_accounts`,`use_cr_dr_instead_of_to_by`,`use_debit_credit_notes`,`use_name_in_report`,`use_payment_recepit_as_contra`,`use_perfix_symbol_fo_credit_amount`,`use_perfix_symbol_for_debit_amount`,`use_postfix_symbol_for_credit_amount`,`use_postfix_symbol_for_debit_amount`,`use_single_entry_mode_for_contra`,`use_single_entry_mode_for_credit`,`use_single_entry_mode_for_debit`,`use_single_entry_mode_for_payment`,`use_single_entry_mode_for_purchase`,`use_single_entry_mode_for_recepit`,`use_single_entry_mode_for_sale`,`used_advance_parameters`,`warn_on_negative_cash_balance`) values (1,0,'\0','\0','\0','\0','\0','\0',1,'\0','\0','\0','\0','\0','\0','\0','\0','\0',1,'\0','\0','\0','\0','\0','\0','\0','\0','\0','\0','\0','\0','\0','\0','\0','\0','\0','\0','\0','\0','\0'),(2,0,'\0','\0','\0','\0','\0','\0',2,'\0','\0','\0','\0','\0','\0','\0','\0','\0',2,'\0','\0','\0','\0','\0','\0','\0','\0','\0','\0','\0','\0','\0','\0','\0','\0','\0','\0','\0','\0','\0'),(3,0,'\0','\0','\0','\0','\0','\0',3,'\0','\0','\0','\0','\0','\0','\0','\0','\0',3,'\0','\0','\0','\0','\0','\0','\0','\0','\0','\0','\0','\0','\0','\0','\0','\0','\0','\0','\0','\0','\0'),(4,0,'\0','\0','\0','\0','\0','\0',4,'\0','\0','\0','\0','\0','\0','\0','\0','\0',4,'\0','\0','\0','\0','\0','\0','\0','\0','\0','\0','\0','\0','\0','\0','\0','\0','\0','\0','\0','\0','\0'),(5,0,'\0','\0','\0','\0','\0','\0',5,'\0','\0','\0','\0','\0','\0','\0','\0','\0',5,'\0','\0','\0','\0','\0','\0','\0','\0','\0','\0','\0','\0','\0','\0','\0','\0','\0','\0','\0','\0','\0'),(6,0,'\0','\0','\0','\0','\0','\0',6,'\0','\0','\0','\0','\0','\0','\0','\0','\0',6,'\0','\0','\0','\0','\0','\0','\0','\0','\0','\0','\0','\0','\0','\0','\0','\0','\0','\0','\0','\0','\0');

/*Table structure for table `account_flag` */

DROP TABLE IF EXISTS `account_flag`;

CREATE TABLE `account_flag` (
  `id` bigint(20) NOT NULL AUTO_INCREMENT,
  `version` bigint(20) NOT NULL,
  `description` varchar(255) DEFAULT NULL,
  `name` varchar(255) DEFAULT NULL,
  `parent_id` bigint(20) DEFAULT NULL,
  `remark` varchar(255) DEFAULT NULL,
  `unique_key` int(11) NOT NULL,
  PRIMARY KEY (`id`),
  KEY `FK_q64l9m7tt3vuxwviu8cmr1upm` (`parent_id`),
  CONSTRAINT `FK_q64l9m7tt3vuxwviu8cmr1upm` FOREIGN KEY (`parent_id`) REFERENCES `account_flag` (`id`)
) ENGINE=InnoDB AUTO_INCREMENT=264 DEFAULT CHARSET=latin1;

/*Data for the table `account_flag` */

insert  into `account_flag`(`id`,`version`,`description`,`name`,`parent_id`,`remark`,`unique_key`) values (1,0,NULL,'Advance',NULL,'billRef',1),(2,0,NULL,'Agst Ref.',NULL,'billRef',2),(3,0,NULL,'New Ref.',NULL,'billRef',3),(4,0,NULL,'On Account',NULL,'billRef',4),(5,0,NULL,'Excise',NULL,'TAX',5),(6,0,NULL,'Others',NULL,'TAX',6),(7,0,NULL,'VAT',NULL,'TAX',7),(8,0,NULL,'CST',NULL,'TAX',8),(9,0,NULL,'TCS',NULL,'TAX',9),(10,0,NULL,'ServiceTax',NULL,'TAX',10),(11,0,NULL,'TDS',NULL,'TAX',11),(12,0,NULL,'Not Applicable',NULL,'ROUND',12),(13,0,NULL,'Downward Rounding',NULL,'ROUND',13),(14,0,NULL,'Normal Rounding',NULL,'ROUND',14),(15,0,NULL,'Upward Rounding',NULL,'ROUND',15),(16,0,'Type of Organization','Co-Op Society',NULL,'TOO',16),(17,0,'Type of Organization','Individual/Proprietary',NULL,'TOO',17),(18,0,'Type of Organization','Others',NULL,'TOO',18),(19,0,'Type of Organization','partnership',NULL,'TOO',19),(20,0,'Type of Organization','Registered Private Ltd Company',NULL,'TOO',20),(21,0,'Type of Organization','Registered Public Ltd Company',NULL,'TOO',21),(22,0,'Type of Organization','Register Trust',NULL,'TOO',22),(23,0,'Type of Organization','Society',NULL,'TOO',23),(24,0,'Type of Dealer','Composition',NULL,'TOD',24),(25,0,'Type of Dealer','Composition to Regular',NULL,'TOD',25),(26,0,'Type of Dealer','Regular',NULL,'TOD',26),(27,0,'List of Company Type','Government',NULL,'LOC',27),(28,0,'List of Company Type','Others',NULL,'LOC',28),(29,0,'DH (Duty Head)','Additional Duty',5,'DH',29),(30,0,'DH (Duty Head)','Cess on Custom Duty',5,'DH',30),(31,0,'DH (Duty Head)','Cess on Duty',5,'DH',31),(32,0,'DH (Duty Head)','Customs Duty',5,'DH',32),(33,0,'DH (Duty Head)','Excise Duty',5,'DH',33),(34,0,'DH (Duty Head)','Special Duty',5,'DH',34),(35,0,NULL,'Additional Duty',29,NULL,35),(36,0,NULL,'Additional Duty',30,NULL,36),(37,0,NULL,'Surcharge on Tax',30,NULL,37),(38,0,NULL,'Additional Duty',31,NULL,38),(39,0,NULL,'Surcharge on Tax',31,NULL,39),(40,0,NULL,'On Total Sales',32,NULL,40),(41,0,NULL,'Tax based on Item rate',32,NULL,41),(42,0,NULL,'On Total Sales',33,NULL,42),(43,0,NULL,'Tax based on Item rate',33,NULL,43),(44,0,NULL,'On Total Sales',34,NULL,44),(45,0,NULL,'Tax based on Item rate',34,NULL,45),(46,0,NULL,'Additional Duty',8,NULL,46),(47,0,NULL,'On Total Sales',8,NULL,47),(48,0,NULL,'Surcharge on Tax',8,NULL,48),(49,0,NULL,'Tax based on Item rate',8,NULL,49),(50,0,NULL,'Additional Duty',6,NULL,50),(51,0,NULL,'On Total Sales',6,NULL,51),(52,0,NULL,'Surcharge on Tax',6,NULL,52),(53,0,NULL,'Tax based on Item rate',6,NULL,53),(54,0,'SC ( Service Category )','Advertising Agency',10,'SC',54),(55,0,'SC ( Service Category )','Advertising Space Or Time',10,'SC',55),(56,0,'SC ( Service Category )','Airport Services',10,'SC',56),(57,0,'SC ( Service Category )','Air Transport of Passenger',10,'SC',57),(58,0,'SC ( Service Category )','Air Travel Agency',10,'SC',58),(59,0,'SC ( Service Category )','Architects Services',10,'SC',59),(60,0,'SC ( Service Category )','Asset Management',10,'SC',60),(61,0,'SC ( Service Category )','ATM Operations',10,'SC',61),(62,0,'SC ( Service Category )','Auctioneer\'s Services',10,'SC',62),(63,0,'SC ( Service Category )','Banking and Financial',10,'SC',63),(64,0,'SC ( Service Category )','Beauty Parlours',10,'SC',64),(65,0,'SC ( Service Category )','Broadcasting Services',10,'SC',65),(66,0,'SC ( Service Category )','Business and Exhibition Services',10,'SC',66),(67,0,'SC ( Service Category )','Business Auxiliary Services',10,'SC',67),(68,0,'SC ( Service Category )','Business Support Services',10,'SC',68),(69,0,'SC ( Service Category )','Cable Operators',10,'SC',69),(70,0,'SC ( Service Category )','Cargo Handling Services',10,'SC',70),(71,0,'SC ( Service Category )','Chartered Accountants',10,'SC',71),(72,0,'SC ( Service Category )','Cleaning Services',10,'SC',72),(73,0,'SC ( Service Category )','Clearing and Forwarding Agency',10,'SC',73),(74,0,'SC ( Service Category )','Commercial Training & Coaching',10,'SC',74),(75,0,'SC ( Service Category )','Company Secretaries',10,'SC',75),(76,0,'SC ( Service Category )','Construction of Res.Complex',10,'SC',76),(77,0,'SC ( Service Category )','Construction Services in Commercial/Industrial/Civil',10,'SC',77),(78,0,'SC ( Service Category )','Consulting Engineering',10,'SC',78),(79,0,'SC ( Service Category )','Container By Rail',10,'SC',79),(80,0,'SC ( Service Category )','Convention Service',10,'SC',80),(81,0,'SC ( Service Category )','Cost Accountant',10,'SC',81),(82,0,'SC ( Service Category )','Courier Agency',10,'SC',82),(83,0,'SC ( Service Category )','Credit Card Related Services',10,'SC',83),(84,0,'SC ( Service Category )','Credit Rating Agencies',10,'SC',84),(85,0,'SC ( Service Category )','Custom House Agent',10,'SC',85),(86,0,'SC ( Service Category )','Design Services',10,'SC',86),(87,0,'SC ( Service Category )','Development and Supply of Content',10,'SC',87),(88,0,'SC ( Service Category )','Dredging Services',10,'SC',88),(89,0,'SC ( Service Category )','Dry Cleaning Services',10,'SC',89),(90,0,'SC ( Service Category )','Erection,Commissioning and Installation',10,'SC',90),(91,0,'SC ( Service Category )','Event Management Services',10,'SC',91),(92,0,'SC ( Service Category )','Facsimile Services',10,'SC',92),(93,0,'SC ( Service Category )','Fashion Designer Services',10,'SC',93),(94,0,'SC ( Service Category )','Forward Contract Services',10,'SC',94),(95,0,'SC ( Service Category )','Franchise Services',10,'SC',95),(96,0,'SC ( Service Category )','General Insurance Business',10,'SC',96),(97,0,'SC ( Service Category )','Goods Transport Operator',10,'SC',97),(98,0,'SC ( Service Category )','Health Club and Fitness Centre',10,'SC',98),(99,0,'SC ( Service Category )','Information Technology Software Centre',10,'SC',99),(100,0,'SC ( Service Category )','Insurance Auxiliary',10,'SC',100),(101,0,'SC ( Service Category )','Intellectual Property Services Other than Copyright',10,'SC',101),(102,0,'SC ( Service Category )','Interior Decorators',10,'SC',102),(103,0,'SC ( Service Category )','Internet Cafe',10,'SC',103),(104,0,'SC ( Service Category )','Internet Telecommunication Services',10,'SC',104),(105,0,'SC ( Service Category )','Leased Circuits',10,'SC',105),(106,0,'SC ( Service Category )','Life Insurance Services',10,'SC',106),(107,0,'SC ( Service Category )','Mailing Lite Compilation',10,'SC',107),(108,0,'SC ( Service Category )','Maintenance and Repair Service',10,'SC',108),(109,0,'SC ( Service Category )','Managements Consultants',10,'SC',109),(110,0,'SC ( Service Category )','Management Of Investment in ULIP',10,'SC',110),(111,0,'SC ( Service Category )','Mandap Keeper',10,'SC',111),(112,0,'SC ( Service Category )','Manpower Recruiter Agency',10,'SC',112),(113,0,'SC ( Service Category )','Market Research Agency',10,'SC',113),(114,0,'SC ( Service Category )','Mechanized Slaughter House',10,'SC',114),(115,0,'SC ( Service Category )','MemberShip Of Clubs',10,'SC',115),(116,0,'SC ( Service Category )','Mining of Mineral,oil and Gas',10,'SC',116),(117,0,'SC ( Service Category )','Online Information and Data',10,'SC',117),(118,0,'SC ( Service Category )','Opinion Poll Services',10,'SC',118),(119,0,'SC ( Service Category )','Outdoor Catering',10,'SC',119),(120,0,'SC ( Service Category )','Packaging Services',10,'SC',120),(121,0,'SC ( Service Category )','Pager Services',10,'SC',121),(122,0,'SC ( Service Category )','Pandal Or Shamiana Services',10,'SC',122),(123,0,'SC ( Service Category )','Photography Service',10,'SC',123),(124,0,'SC ( Service Category )','Port Services',10,'SC',124),(125,0,'SC ( Service Category )','Processing and Clearing House Agent Service',10,'SC',125),(126,0,'SC ( Service Category )','Public Relations Service',10,'SC',126),(127,0,'SC ( Service Category )','Rail Travel Agent',10,'SC',127),(128,0,'SC ( Service Category )','Real Estate Agent',10,'SC',128),(129,0,'SC ( Service Category )','Recognized Or Registered Association Service',10,'SC',129),(130,0,'SC ( Service Category )','Recognized Stock Exchange Service',10,'SC',130),(131,0,'SC ( Service Category )','Recovery Agent',10,'SC',131),(132,0,'SC ( Service Category )','Registrar to an Issue',10,'SC',132),(133,0,'SC ( Service Category )','Rent-A-Cab Service',10,'SC',133),(134,0,'SC ( Service Category )','Renting of Immovable Property',10,'SC',134),(135,0,'SC ( Service Category )','Scientific and Technical Consultancy',10,'SC',135),(136,0,'SC ( Service Category )','Security Agency',10,'SC',136),(137,0,'SC ( Service Category )','Servicing of Motor Vehicle',10,'SC',137),(138,0,'SC ( Service Category )','Share Transfer Agent',10,'SC',138),(139,0,'SC ( Service Category )','Ship Management Service',10,'SC',139),(140,0,'SC ( Service Category )','Site Preparation And Clearance',10,'SC',140),(141,0,'SC ( Service Category )','Sound Recording And Service',10,'SC',141),(142,0,'SC ( Service Category )','Sponsorship Service',10,'SC',142),(143,0,'SC ( Service Category )','Steamer Agent',10,'SC',143),(144,0,'SC ( Service Category )','Stock Broker',10,'SC',144),(145,0,'SC ( Service Category )','Storage And Warehouse Service',10,'SC',145),(146,0,'SC ( Service Category )','Supply of Tangible Goods Service',10,'SC',146),(147,0,'SC ( Service Category )','Survey and Map Making',10,'SC',147),(148,0,'SC ( Service Category )','Telecommunication Service',10,'SC',148),(149,0,'SC ( Service Category )','Telegraph Service',10,'SC',149),(150,0,'SC ( Service Category )','Telephone Services',10,'SC',150),(151,0,'SC ( Service Category )','Telex Services',10,'SC',151),(152,0,'SC ( Service Category )','Test,Inspection,Certification',10,'SC',152),(153,0,'SC ( Service Category )','Tour Operator',10,'SC',153),(154,0,'SC ( Service Category )','Transport By Cruise Ships',10,'SC',154),(155,0,'SC ( Service Category )','Transport of Goods By Air',10,'SC',155),(156,0,'SC ( Service Category )','Transport of Goods By Pipeline',10,'SC',156),(157,0,'SC ( Service Category )','Transport of Goods By Road',10,'SC',157),(158,0,'SC ( Service Category )','Travel Agents(other then Air/rail Agent)',10,'SC',158),(159,0,'SC ( Service Category )','TV or Radio Programme Production',10,'SC',159),(160,0,'SC ( Service Category )','Under Writers',10,'SC',160),(161,0,'SC ( Service Category )','Video Tap Production',10,'SC',161),(162,0,'SC ( Service Category )','Works Contract Services',10,'SC',162),(163,0,'NOP (Nature Of Payment)','Any Other Income',11,'NOP',163),(164,0,'NOP (Nature Of Payment)','Any Other Interest on Securities as per Section++uniqueCounter93',11,'NOP',164),(165,0,'NOP (Nature Of Payment)','Commission on Sale of Lottery Tickets',11,'NOP',165),(166,0,'NOP (Nature Of Payment)','Commission Or Brokerage',11,'NOP',166),(167,0,'NOP (Nature Of Payment)','Deemed Dividend U/s 2(22)E',11,'NOP',167),(168,0,'NOP (Nature Of Payment)','Fees for Professional And Technical Services',11,'NOP',168),(169,0,'NOP (Nature Of Payment)','Fees for Tech. Services Agreement is Made After Feb 29,1964 before April++uniqueCounter,1976',11,'NOP',169),(170,0,'NOP (Nature Of Payment)','Fees for Tech. Services Agreement is Made After March 31,1976 before June++uniqueCounter,1997',11,'NOP',170),(171,0,'NOP (Nature Of Payment)','Fees for Tech. Services Agreement is Made After May 31,1997 before June++uniqueCounter,2005',11,'NOP',171),(172,0,'NOP (Nature Of Payment)','Fees for Tech. Services Agreement is Made on or After June++uniqueCounter,2005',11,'NOP',172),(173,0,'NOP (Nature Of Payment)','Income By Way  of Long-Term Gains Referred in Section in++uniqueCounter15E',11,'NOP',173),(174,0,'NOP (Nature Of Payment)','Income From Foreign Currency Bonds Or Shares of',11,'NOP',174),(175,0,'NOP (Nature Of Payment)','Income From Foreign Exchange Assets payable to an indian Citizen',11,'NOP',175),(176,0,'NOP (Nature Of Payment)','Income in Respect In Units of Non-Residents',11,'NOP',176),(177,0,'NOP (Nature Of Payment)','Income of Foreign Institutional Investor\'s From',11,'NOP',177),(178,0,'NOP (Nature Of Payment)','Insurance Commission',11,'NOP',178),(179,0,'NOP (Nature Of Payment)','Interest on 8% Savings Taxable (Bond),2003',11,'NOP',179),(180,0,'NOP (Nature Of Payment)','Interest on nSecurities',11,'NOP',180),(181,0,'NOP (Nature Of Payment)','Interest Other Then interest On Securities',11,'NOP',181),(182,0,'NOP (Nature Of Payment)','Interest Payable By Government and Indian Concern In foreign Currency',11,'NOP',182),(183,0,'NOP (Nature Of Payment)','Long Term Capital Gains[Not Being Covered in Sec++uniqueCounter0(33)(36)(38)]',11,'NOP',183),(184,0,'NOP (Nature Of Payment)','Other Sums Parable\'s To A Non-Resident',11,'NOP',184),(185,0,'NOP (Nature Of Payment)','Payment Of Compensation on Acquisition Of Immovable Property',11,'NOP',185),(186,0,'NOP (Nature Of Payment)','Payments In Respect  of Deposit Under NSS',11,'NOP',186),(187,0,'NOP (Nature Of Payment)','Payments In respect of Units to an offShore Find',11,'NOP',187),(188,0,'NOP (Nature Of Payment)','Payments On AccountsOf Re-purchase of Units By..',11,'NOP',188),(189,0,'NOP (Nature Of Payment)','Payments To Contractors (Other Then Advertisement)',11,'NOP',189),(190,0,'NOP (Nature Of Payment)','Payments  to Non-Resident Sportsmen/Sports Association',11,'NOP',190),(191,0,'NOP (Nature Of Payment)','Payments to Contractors(Advertisement Contractors)',11,'NOP',191),(192,0,'NOP (Nature Of Payment)','Payments to Sub-Contractors',11,'NOP',192),(193,0,'NOP (Nature Of Payment)','Rent on Land ,Building or Furniture',11,'NOP',193),(194,0,'NOP (Nature Of Payment)','Rent on Plant,Machinery or Equipment',11,'NOP',194),(195,0,'NOP (Nature Of Payment)','Royalty(F) Agreement Is Made After May 31,1997 Before June++uniqueCounter,2005',11,'NOP',195),(196,0,'NOP (Nature Of Payment)','Royalty(F) Agreement Is Made  Before June++uniqueCounter,1997',11,'NOP',196),(197,0,'NOP (Nature Of Payment)','Royalty(F) Agreement Is Made on or After  June++uniqueCounter,2005',11,'NOP',197),(198,0,'NOP (Nature Of Payment)','Royalty(G) Agreement Is Made After March 31,1961 Before April++uniqueCounter,1976',11,'NOP',198),(199,0,'NOP (Nature Of Payment)','Royalty(G) Agreement Is Made After March 31,1976 Before June++uniqueCounter,1997',11,'NOP',199),(200,0,'NOP (Nature Of Payment)','Royalty(G) Agreement Is Made After March 31,1997 Before June++uniqueCounter,2005',11,'NOP',200),(201,0,'NOP (Nature Of Payment)','Royalty(G) Agreement Is Made on Or  After June++uniqueCounter,2005',11,'NOP',201),(202,0,'NOP (Nature Of Payment)','Short-Term Capital Gains U/s++uniqueCounter11A',11,'NOP',202),(203,0,'NOP (Nature Of Payment)','Winning From Horse Race',11,'NOP',203),(204,0,'NOP (Nature Of Payment)','Winning From Horse Lotteries and CrossWord Puzzles',11,'NOP',204),(205,0,'LTT (List of TCS Types)','Alcoholic Liquor For Human Consumption',9,'LTT',205),(206,0,'LTT (List of TCS Types)','Any Other Forest Produce (Not Being Tendu Leaves)',9,'LTT',206),(207,0,'LTT (List of TCS Types)','Contractors/Licensee/Leave Relating to Mine/Quarry',9,'LTT',207),(208,0,'LTT (List of TCS Types)','Contractors/Licensee/Leave Relating to Parking Lots',9,'LTT',208),(209,0,'LTT (List of TCS Types)','Contractors/Licensee/Leave Relating to Toll Plaza',9,'LTT',209),(210,0,'LTT (List of TCS Types)','Scrap',9,'LTT',210),(211,0,'LTT (List of TCS Types)','Tendu Leaves',9,'LTT',211),(212,0,'LTT (List of TCS Types)','Timber Obtained  by Any Mode Other Than Forest Lease',9,'LTT',212),(213,0,'LTT (List of TCS Types)','Timber Obtained  Under Forest Lease',9,'LTT',213),(214,0,'DT (Deductee Type)','Artificial Juridical Person',11,'DT',214),(215,0,'DT (Deductee Type)','Association Of Persons',11,'DT',215),(216,0,'DT (Deductee Type)','Body Of Individuals',11,'DT',216),(217,0,'DT (Deductee Type)','Company – Non Resident',11,'DT',217),(218,0,'DT (Deductee Type)','Company –  Resident',11,'DT',218),(219,0,'DT (Deductee Type)','Co- Operative Society',11,'DT',219),(220,0,'DT (Deductee Type)','Individual/HUF – Non Resident',11,'DT',220),(221,0,'DT (Deductee Type)','Individual/HUF – Resident',11,'DT',221),(222,0,'DT (Deductee Type)','Local Authority',11,'DT',222),(223,0,'DT (Deductee Type)','Partnership Firm',11,'DT',223),(224,0,'Classification','Exempt',10,'Classification',224),(225,0,'Classification','Export',10,'Classification',225),(226,0,'CT (Collectee Type)','Artificial Juridical Person',9,'CT',226),(227,0,'CT (Collectee Type)','Association Of Persons',9,'CT',227),(228,0,'CT (Collectee Type)','Body Of Individuals',9,'CT',228),(229,0,'CT (Collectee Type)','Company – Non Resident',9,'CT',229),(230,0,'CT (Collectee Type)','Company –  Resident',9,'CT',230),(231,0,'CT (Collectee Type)','Co- Operative Society',9,'CT',231),(232,0,'CT (Collectee Type)','Individual/HUF – Non Resident',9,'CT',232),(233,0,'CT (Collectee Type)','Individual/HUF – Resident',9,'CT',233),(234,0,'CT (Collectee Type)','Local Authority',9,'CT',234),(235,0,'CT (Collectee Type)','Partnership Firm',9,'CT',235),(236,0,'Vat/Tax class','Inter-State Sales',8,'VTC',236),(237,0,'Vat/Tax class','Inter State Sales Against Form-E1',8,'VTC',237),(238,0,'Vat/Tax class','Inter State Sales Against Form-E2',8,'VTC',238),(239,0,'Vat/Tax class','Inter State Sales at Lower Rate',8,'VTC',239),(240,0,'Vat/Tax class','Inter State Sales – Exempted',8,'VTC',240),(241,0,'Vat/Tax class','Inter State Sales – Tax Free',8,'VTC',241),(242,0,'Vat/Tax class','Input VAT @ 1%',7,'VTC',242),(243,0,'Vat/Tax class','Input VAT @ 12.5%',7,'VTC',243),(244,0,'Vat/Tax class','Input VAT @ 20%',7,'VTC',244),(245,0,'Vat/Tax class','Input VAT @ 5%',7,'VTC',245),(246,0,'Vat/Tax class','Input VAT @ 8% on Works Contract',7,'VTC',246),(247,0,'Vat/Tax class','Output VAT @ 1%',7,'VTC',247),(248,0,'Vat/Tax class','Output VAT @ 12.5%',7,'VTC',248),(249,0,'Vat/Tax class','Output VAT @ 20%',7,'VTC',249),(250,0,'Vat/Tax class','Output VAT @ 5%',7,'VTC',250),(251,0,'Vat/Tax class','Output VAT @ 8% on Works Contract',7,'VTC',251),(252,0,'Vat/Tax class','Purchase – Capital Goods @ 12.5%',7,'VTC',252),(253,0,'Vat/Tax class','Purchase – Capital Goods @ 4%',7,'VTC',253),(254,0,NULL,'On VAT Rate',7,NULL,254),(255,0,NULL,'Additional Duty',7,NULL,255),(256,0,NULL,'On Total Sales',7,NULL,256),(257,0,NULL,'Surcharge on Tax',7,NULL,257),(258,0,NULL,'Tax based on Item rate',7,NULL,258),(259,0,NULL,'Additional Duty',5,NULL,259),(261,0,NULL,'On Total Sales',5,NULL,260),(262,0,NULL,'Surcharge on Tax',5,NULL,261),(263,0,NULL,'Tax based on Item rate',5,NULL,262);

/*Table structure for table `account_group` */

DROP TABLE IF EXISTS `account_group`;

CREATE TABLE `account_group` (
  `id` bigint(20) NOT NULL AUTO_INCREMENT,
  `version` bigint(20) NOT NULL,
  `alias` varchar(255) DEFAULT NULL,
  `company_id` bigint(20) NOT NULL,
  `date_created` datetime NOT NULL,
  `does_is_affect_on_gross_profit` bit(1) NOT NULL,
  `is_display` bit(1) NOT NULL,
  `is_group_under_primary` bit(1) NOT NULL,
  `is_like_subgroup` bit(1) NOT NULL,
  `is_net_dr_cr_bal_for_report` bit(1) NOT NULL,
  `is_used_for_calculations` bit(1) NOT NULL,
  `last_updated` datetime NOT NULL,
  `last_updated_by_id` bigint(20) NOT NULL,
  `name` varchar(255) NOT NULL,
  `property` varchar(255) DEFAULT NULL,
  `under_group_id` bigint(20) DEFAULT NULL,
  `unique_key` int(11) NOT NULL,
  PRIMARY KEY (`id`),
  KEY `FK_comiyshrwxm25hbhjejcso88y` (`company_id`),
  KEY `FK_s2mxvptr9efbaxw4ox4ffxvka` (`last_updated_by_id`),
  KEY `FK_ag725nyhu92s2009fwhrmcx3w` (`under_group_id`),
  CONSTRAINT `FK_ag725nyhu92s2009fwhrmcx3w` FOREIGN KEY (`under_group_id`) REFERENCES `account_group` (`id`),
  CONSTRAINT `FK_comiyshrwxm25hbhjejcso88y` FOREIGN KEY (`company_id`) REFERENCES `company` (`id`),
  CONSTRAINT `FK_s2mxvptr9efbaxw4ox4ffxvka` FOREIGN KEY (`last_updated_by_id`) REFERENCES `user` (`id`)
) ENGINE=InnoDB AUTO_INCREMENT=218 DEFAULT CHARSET=latin1;

/*Data for the table `account_group` */

insert  into `account_group`(`id`,`version`,`alias`,`company_id`,`date_created`,`does_is_affect_on_gross_profit`,`is_display`,`is_group_under_primary`,`is_like_subgroup`,`is_net_dr_cr_bal_for_report`,`is_used_for_calculations`,`last_updated`,`last_updated_by_id`,`name`,`property`,`under_group_id`,`unique_key`) values (1,0,NULL,1,'2015-05-15 19:13:16','\0','\0','\0','\0','\0','\0','2015-05-15 19:13:16',1,'Primary','Primary',NULL,1),(2,0,NULL,1,'2015-05-15 19:13:16','\0','\0','\0','\0','\0','\0','2015-05-15 19:13:16',1,'Assets','Assets',1,2),(3,0,NULL,1,'2015-05-15 19:13:16','\0','\0','\0','\0','\0','\0','2015-05-15 19:13:16',1,'Liabilities','Liabilities',1,3),(4,0,NULL,1,'2015-05-15 19:13:16','\0','\0','\0','\0','\0','\0','2015-05-15 19:13:16',1,'Expenses','Expenses',1,4),(5,0,NULL,1,'2015-05-15 19:13:16','\0','\0','\0','\0','\0','\0','2015-05-15 19:13:16',1,'Income','Income',1,5),(6,0,NULL,1,'2015-05-15 19:13:16','\0','','\0','\0','\0','\0','2015-05-15 19:13:16',1,'Current Assets','Current Assets',2,6),(7,0,NULL,1,'2015-05-15 19:13:16','\0','','\0','\0','\0','\0','2015-05-15 19:13:16',1,'Fixed Assets','Fixed Assets',2,7),(8,0,NULL,1,'2015-05-15 19:13:16','\0','','\0','\0','\0','\0','2015-05-15 19:13:16',1,'Investments','Investments',2,8),(9,0,NULL,1,'2015-05-15 19:13:16','\0','','\0','\0','\0','\0','2015-05-15 19:13:16',1,'Misc. Expenses (Assets)','Misc. Expenses (Assets)',2,9),(10,0,NULL,1,'2015-05-15 19:13:16','\0','','\0','\0','\0','\0','2015-05-15 19:13:16',1,'Loans (liability)','Loans (liability)',3,10),(11,0,NULL,1,'2015-05-15 19:13:16','\0','','\0','\0','\0','\0','2015-05-15 19:13:16',1,'Branch/Divisions','Branch/Divisions',3,11),(12,0,NULL,1,'2015-05-15 19:13:16','\0','','\0','\0','\0','\0','2015-05-15 19:13:16',1,'Capital Account','Capital Account',3,12),(13,0,NULL,1,'2015-05-15 19:13:16','\0','','\0','\0','\0','\0','2015-05-15 19:13:16',1,'Current Liabilities','Current Liabilities',3,13),(14,0,NULL,1,'2015-05-15 19:13:16','\0','','\0','\0','\0','\0','2015-05-15 19:13:16',1,'Suspense A/c','Suspense A/c',3,14),(15,0,NULL,1,'2015-05-15 19:13:16','\0','','\0','\0','\0','\0','2015-05-15 19:13:16',1,'Direct Expenses','Direct Expenses',4,16),(16,0,NULL,1,'2015-05-15 19:13:16','\0','','\0','\0','\0','\0','2015-05-15 19:13:16',1,'Indirect Expenses','Indirect Expenses',4,17),(17,0,NULL,1,'2015-05-15 19:13:16','\0','','\0','\0','\0','\0','2015-05-15 19:13:16',1,'Purchase Accounts','Purchase Accounts',4,15),(18,0,NULL,1,'2015-05-15 19:13:16','\0','','\0','\0','\0','\0','2015-05-15 19:13:16',1,'Direct Income','Direct Income',5,19),(19,0,NULL,1,'2015-05-15 19:13:16','\0','','\0','\0','\0','\0','2015-05-15 19:13:16',1,'Indirect Income','Indirect Income',5,20),(20,0,NULL,1,'2015-05-15 19:13:16','\0','','\0','\0','\0','\0','2015-05-15 19:13:16',1,'Sales Accounts','Sales Accounts',5,18),(21,0,NULL,1,'2015-05-15 19:13:16','\0','','\0','\0','\0','\0','2015-05-15 19:13:16',1,'Bank Accounts','Bank Accounts',6,21),(22,0,NULL,1,'2015-05-15 19:13:16','\0','','\0','\0','\0','\0','2015-05-15 19:13:16',1,'Cash-in-Hand','Cash-in-Hand',6,22),(23,0,NULL,1,'2015-05-15 19:13:16','\0','','\0','\0','\0','\0','2015-05-15 19:13:16',1,'Deposits (Assets)','Deposits (Assets)',6,23),(24,0,NULL,1,'2015-05-15 19:13:16','\0','','\0','\0','\0','\0','2015-05-15 19:13:16',1,'Stock-in-Hand','Stock-in-Hand',6,24),(25,0,NULL,1,'2015-05-15 19:13:16','\0','','\0','\0','\0','\0','2015-05-15 19:13:16',1,'Loan and Advance (Assets)','Loan and Advance (Assets)',6,25),(30,0,NULL,1,'2015-05-15 19:13:16','\0','','\0','\0','\0','\0','2015-05-15 19:13:16',1,'Secured Loans','Secured Loans',12,30),(31,0,NULL,1,'2015-05-15 19:13:16','\0','','\0','\0','\0','\0','2015-05-15 19:13:16',1,'Provisions','Provisions',13,31),(32,0,NULL,1,'2015-05-15 19:13:16','\0','','\0','\0','\0','\0','2015-05-15 19:13:16',1,'Sundry Creditors','Sundry Creditors',13,32),(33,0,NULL,1,'2015-05-15 19:13:16','\0','','\0','\0','\0','\0','2015-05-15 19:13:16',1,'Duties & Taxes','Duties & Taxes',13,33),(34,0,NULL,2,'2015-05-15 19:49:08','\0','\0','\0','\0','\0','\0','2015-05-15 19:49:08',1,'Primary','Primary',NULL,34),(35,0,NULL,2,'2015-05-15 19:49:08','\0','\0','\0','\0','\0','\0','2015-05-15 19:49:08',1,'Assets','Assets',34,35),(36,0,NULL,2,'2015-05-15 19:49:08','\0','\0','\0','\0','\0','\0','2015-05-15 19:49:08',1,'Liabilities','Liabilities',34,36),(37,0,NULL,2,'2015-05-15 19:49:08','\0','\0','\0','\0','\0','\0','2015-05-15 19:49:08',1,'Expenses','Expenses',34,37),(38,0,NULL,2,'2015-05-15 19:49:08','\0','\0','\0','\0','\0','\0','2015-05-15 19:49:08',1,'Income','Income',34,38),(39,0,NULL,2,'2015-05-15 19:49:08','\0','','\0','\0','\0','\0','2015-05-15 19:49:08',1,'Current Assets','Current Assets',35,39),(40,0,NULL,2,'2015-05-15 19:49:08','\0','','\0','\0','\0','\0','2015-05-15 19:49:08',1,'Fixed Assets','Fixed Assets',35,40),(41,0,NULL,2,'2015-05-15 19:49:08','\0','','\0','\0','\0','\0','2015-05-15 19:49:08',1,'Investments','Investments',35,41),(42,0,NULL,2,'2015-05-15 19:49:08','\0','','\0','\0','\0','\0','2015-05-15 19:49:08',1,'Misc. Expenses (Assets)','Misc. Expenses (Assets)',35,42),(43,0,NULL,2,'2015-05-15 19:49:08','\0','','\0','\0','\0','\0','2015-05-15 19:49:08',1,'Loans (liability)','Loans (liability)',36,43),(44,0,NULL,2,'2015-05-15 19:49:08','\0','','\0','\0','\0','\0','2015-05-15 19:49:08',1,'Branch/Divisions','Branch/Divisions',36,44),(45,0,NULL,2,'2015-05-15 19:49:08','\0','','\0','\0','\0','\0','2015-05-15 19:49:08',1,'Capital Account','Capital Account',36,45),(46,0,NULL,2,'2015-05-15 19:49:08','\0','','\0','\0','\0','\0','2015-05-15 19:49:08',1,'Current Liabilities','Current Liabilities',36,46),(47,0,NULL,2,'2015-05-15 19:49:08','\0','','\0','\0','\0','\0','2015-05-15 19:49:08',1,'Suspense A/c','Suspense A/c',36,47),(48,0,NULL,2,'2015-05-15 19:49:08','\0','','\0','\0','\0','\0','2015-05-15 19:49:08',1,'Direct Expenses','Direct Expenses',37,48),(49,0,NULL,2,'2015-05-15 19:49:08','\0','','\0','\0','\0','\0','2015-05-15 19:49:08',1,'Indirect Expenses','Indirect Expenses',37,49),(50,0,NULL,2,'2015-05-15 19:49:08','\0','','\0','\0','\0','\0','2015-05-15 19:49:08',1,'Purchase Accounts','Purchase Accounts',37,50),(51,0,NULL,2,'2015-05-15 19:49:08','\0','','\0','\0','\0','\0','2015-05-15 19:49:08',1,'Direct Income','Direct Income',38,51),(52,0,NULL,2,'2015-05-15 19:49:08','\0','','\0','\0','\0','\0','2015-05-15 19:49:08',1,'Indirect Income','Indirect Income',38,52),(53,0,NULL,2,'2015-05-15 19:49:08','\0','','\0','\0','\0','\0','2015-05-15 19:49:08',1,'Sales Accounts','Sales Accounts',38,53),(54,0,NULL,2,'2015-05-15 19:49:08','\0','','\0','\0','\0','\0','2015-05-15 19:49:08',1,'Bank Accounts','Bank Accounts',39,54),(55,0,NULL,2,'2015-05-15 19:49:08','\0','','\0','\0','\0','\0','2015-05-15 19:49:08',1,'Cash-in-Hand','Cash-in-Hand',39,55),(56,0,NULL,2,'2015-05-15 19:49:08','\0','','\0','\0','\0','\0','2015-05-15 19:49:08',1,'Deposits (Assets)','Deposits (Assets)',39,56),(57,0,NULL,2,'2015-05-15 19:49:08','\0','','\0','\0','\0','\0','2015-05-15 19:49:08',1,'Stock-in-Hand','Stock-in-Hand',39,57),(58,0,NULL,2,'2015-05-15 19:49:08','\0','','\0','\0','\0','\0','2015-05-15 19:49:08',1,'Loan and Advance (Assets)','Loan and Advance (Assets)',39,58),(59,0,NULL,2,'2015-05-15 19:49:08','\0','','\0','\0','\0','\0','2015-05-15 19:49:08',1,'Sundry Debtors','Sundry Debtors',39,59),(60,0,NULL,2,'2015-05-15 19:49:08','\0','','\0','\0','\0','\0','2015-05-15 19:49:08',1,'Unsecured Loans','Unsecured Loans',43,60),(61,0,NULL,2,'2015-05-15 19:49:08','\0','','\0','\0','\0','\0','2015-05-15 19:49:08',1,'Bank OD A/c','Bank OD A/c',43,61),(62,0,'Retained Earnings',2,'2015-05-15 19:49:08','\0','','\0','\0','\0','\0','2015-05-15 19:49:08',1,'Reserves & Surplus','Reserves & Surplus',45,62),(63,0,NULL,2,'2015-05-15 19:49:08','\0','','\0','\0','\0','\0','2015-05-15 19:49:08',1,'Secured Loans','Secured Loans',45,63),(64,0,NULL,2,'2015-05-15 19:49:08','\0','','\0','\0','\0','\0','2015-05-15 19:49:08',1,'Provisions','Provisions',46,64),(65,0,NULL,2,'2015-05-15 19:49:08','\0','','\0','\0','\0','\0','2015-05-15 19:49:08',1,'Sundry Creditors','Sundry Creditors',46,65),(66,0,NULL,2,'2015-05-15 19:49:08','\0','','\0','\0','\0','\0','2015-05-15 19:49:08',1,'Duties & Taxes','Duties & Taxes',46,66),(67,0,NULL,3,'2015-05-31 12:47:26','\0','\0','\0','\0','\0','\0','2015-05-31 12:47:26',2,'Primary','Primary',NULL,67),(68,0,NULL,3,'2015-05-31 12:47:26','\0','\0','\0','\0','\0','\0','2015-05-31 12:47:26',2,'Assets','Assets',67,68),(69,0,NULL,3,'2015-05-31 12:47:26','\0','\0','\0','\0','\0','\0','2015-05-31 12:47:26',2,'Liabilities','Liabilities',67,69),(70,0,NULL,3,'2015-05-31 12:47:26','\0','\0','\0','\0','\0','\0','2015-05-31 12:47:26',2,'Expenses','Expenses',67,70),(71,0,NULL,3,'2015-05-31 12:47:26','\0','\0','\0','\0','\0','\0','2015-05-31 12:47:26',2,'Income','Income',67,71),(72,0,NULL,3,'2015-05-31 12:47:26','\0','','\0','\0','\0','\0','2015-05-31 12:47:26',2,'Current Assets','Current Assets',68,72),(73,0,NULL,3,'2015-05-31 12:47:26','\0','','\0','\0','\0','\0','2015-05-31 12:47:26',2,'Fixed Assets','Fixed Assets',68,73),(74,0,NULL,3,'2015-05-31 12:47:26','\0','','\0','\0','\0','\0','2015-05-31 12:47:26',2,'Investments','Investments',68,74),(75,0,NULL,3,'2015-05-31 12:47:26','\0','','\0','\0','\0','\0','2015-05-31 12:47:26',2,'Misc. Expenses (Assets)','Misc. Expenses (Assets)',68,75),(76,0,NULL,3,'2015-05-31 12:47:26','\0','','\0','\0','\0','\0','2015-05-31 12:47:26',2,'Loans (liability)','Loans (liability)',69,76),(77,0,NULL,3,'2015-05-31 12:47:26','\0','','\0','\0','\0','\0','2015-05-31 12:47:26',2,'Branch/Divisions','Branch/Divisions',69,77),(78,0,NULL,3,'2015-05-31 12:47:26','\0','','\0','\0','\0','\0','2015-05-31 12:47:26',2,'Capital Account','Capital Account',69,78),(79,0,NULL,3,'2015-05-31 12:47:26','\0','','\0','\0','\0','\0','2015-05-31 12:47:26',2,'Current Liabilities','Current Liabilities',69,79),(80,0,NULL,3,'2015-05-31 12:47:26','\0','','\0','\0','\0','\0','2015-05-31 12:47:26',2,'Suspense A/c','Suspense A/c',69,80),(81,0,NULL,3,'2015-05-31 12:47:26','\0','','\0','\0','\0','\0','2015-05-31 12:47:26',2,'Direct Expenses','Direct Expenses',70,81),(82,0,NULL,3,'2015-05-31 12:47:26','\0','','\0','\0','\0','\0','2015-05-31 12:47:26',2,'Indirect Expenses','Indirect Expenses',70,82),(83,0,NULL,3,'2015-05-31 12:47:26','\0','','\0','\0','\0','\0','2015-05-31 12:47:26',2,'Purchase Accounts','Purchase Accounts',70,83),(84,0,NULL,3,'2015-05-31 12:47:26','\0','','\0','\0','\0','\0','2015-05-31 12:47:26',2,'Direct Income','Direct Income',71,84),(85,0,NULL,3,'2015-05-31 12:47:26','\0','','\0','\0','\0','\0','2015-05-31 12:47:26',2,'Indirect Income','Indirect Income',71,85),(86,0,NULL,3,'2015-05-31 12:47:26','\0','','\0','\0','\0','\0','2015-05-31 12:47:26',2,'Sales Accounts','Sales Accounts',71,86),(87,0,NULL,3,'2015-05-31 12:47:26','\0','','\0','\0','\0','\0','2015-05-31 12:47:26',2,'Bank Accounts','Bank Accounts',72,87),(88,0,NULL,3,'2015-05-31 12:47:26','\0','','\0','\0','\0','\0','2015-05-31 12:47:26',2,'Cash-in-Hand','Cash-in-Hand',72,88),(89,0,NULL,3,'2015-05-31 12:47:26','\0','','\0','\0','\0','\0','2015-05-31 12:47:26',2,'Deposits (Assets)','Deposits (Assets)',72,89),(90,0,NULL,3,'2015-05-31 12:47:26','\0','','\0','\0','\0','\0','2015-05-31 12:47:26',2,'Stock-in-Hand','Stock-in-Hand',72,90),(91,0,NULL,3,'2015-05-31 12:47:26','\0','','\0','\0','\0','\0','2015-05-31 12:47:26',2,'Loan and Advance (Assets)','Loan and Advance (Assets)',72,91),(92,0,NULL,3,'2015-05-31 12:47:26','\0','','\0','\0','\0','\0','2015-05-31 12:47:26',2,'Sundry Debtors','Sundry Debtors',72,92),(93,0,NULL,3,'2015-05-31 12:47:26','\0','','\0','\0','\0','\0','2015-05-31 12:47:26',2,'Unsecured Loans','Unsecured Loans',76,93),(94,0,NULL,3,'2015-05-31 12:47:26','\0','','\0','\0','\0','\0','2015-05-31 12:47:26',2,'Bank OD A/c','Bank OD A/c',76,94),(95,0,'Retained Earnings',3,'2015-05-31 12:47:26','\0','','\0','\0','\0','\0','2015-05-31 12:47:26',2,'Reserves & Surplus','Reserves & Surplus',78,95),(96,0,NULL,3,'2015-05-31 12:47:26','\0','','\0','\0','\0','\0','2015-05-31 12:47:26',2,'Secured Loans','Secured Loans',78,96),(97,0,NULL,3,'2015-05-31 12:47:26','\0','','\0','\0','\0','\0','2015-05-31 12:47:26',2,'Provisions','Provisions',79,97),(98,0,NULL,3,'2015-05-31 12:47:26','\0','','\0','\0','\0','\0','2015-05-31 12:47:26',2,'Sundry Creditors','Sundry Creditors',79,98),(99,0,NULL,3,'2015-05-31 12:47:26','\0','','\0','\0','\0','\0','2015-05-31 12:47:26',2,'Duties & Taxes','Duties & Taxes',79,99),(100,0,NULL,4,'2015-05-31 13:04:45','\0','\0','\0','\0','\0','\0','2015-05-31 13:04:45',1,'Primary','Primary',NULL,100),(101,0,NULL,4,'2015-05-31 13:04:45','\0','\0','\0','\0','\0','\0','2015-05-31 13:04:45',1,'Assets','Assets',100,101),(102,0,NULL,4,'2015-05-31 13:04:45','\0','\0','\0','\0','\0','\0','2015-05-31 13:04:45',1,'Liabilities','Liabilities',100,102),(103,0,NULL,4,'2015-05-31 13:04:45','\0','\0','\0','\0','\0','\0','2015-05-31 13:04:45',1,'Expenses','Expenses',100,103),(104,0,NULL,4,'2015-05-31 13:04:45','\0','\0','\0','\0','\0','\0','2015-05-31 13:04:45',1,'Income','Income',100,104),(105,0,NULL,4,'2015-05-31 13:04:45','\0','','\0','\0','\0','\0','2015-05-31 13:04:45',1,'Current Assets','Current Assets',101,105),(106,0,NULL,4,'2015-05-31 13:04:45','\0','','\0','\0','\0','\0','2015-05-31 13:04:45',1,'Fixed Assets','Fixed Assets',101,106),(107,0,NULL,4,'2015-05-31 13:04:45','\0','','\0','\0','\0','\0','2015-05-31 13:04:45',1,'Investments','Investments',101,107),(108,0,NULL,4,'2015-05-31 13:04:46','\0','','\0','\0','\0','\0','2015-05-31 13:04:46',1,'Misc. Expenses (Assets)','Misc. Expenses (Assets)',101,108),(109,0,NULL,4,'2015-05-31 13:04:46','\0','','\0','\0','\0','\0','2015-05-31 13:04:46',1,'Loans (liability)','Loans (liability)',102,109),(110,0,NULL,4,'2015-05-31 13:04:46','\0','','\0','\0','\0','\0','2015-05-31 13:04:46',1,'Branch/Divisions','Branch/Divisions',102,110),(111,0,NULL,4,'2015-05-31 13:04:46','\0','','\0','\0','\0','\0','2015-05-31 13:04:46',1,'Capital Account','Capital Account',102,111),(112,0,NULL,4,'2015-05-31 13:04:46','\0','','\0','\0','\0','\0','2015-05-31 13:04:46',1,'Current Liabilities','Current Liabilities',102,112),(113,0,NULL,4,'2015-05-31 13:04:46','\0','','\0','\0','\0','\0','2015-05-31 13:04:46',1,'Suspense A/c','Suspense A/c',102,113),(114,0,NULL,4,'2015-05-31 13:04:46','\0','','\0','\0','\0','\0','2015-05-31 13:04:46',1,'Direct Expenses','Direct Expenses',103,114),(115,0,NULL,4,'2015-05-31 13:04:46','\0','','\0','\0','\0','\0','2015-05-31 13:04:46',1,'Indirect Expenses','Indirect Expenses',103,115),(116,0,NULL,4,'2015-05-31 13:04:46','\0','','\0','\0','\0','\0','2015-05-31 13:04:46',1,'Purchase Accounts','Purchase Accounts',103,116),(117,0,NULL,4,'2015-05-31 13:04:46','\0','','\0','\0','\0','\0','2015-05-31 13:04:46',1,'Direct Income','Direct Income',104,117),(118,0,NULL,4,'2015-05-31 13:04:46','\0','','\0','\0','\0','\0','2015-05-31 13:04:46',1,'Indirect Income','Indirect Income',104,118),(119,0,NULL,4,'2015-05-31 13:04:46','\0','','\0','\0','\0','\0','2015-05-31 13:04:46',1,'Sales Accounts','Sales Accounts',104,119),(120,0,NULL,4,'2015-05-31 13:04:46','\0','','\0','\0','\0','\0','2015-05-31 13:04:46',1,'Bank Accounts','Bank Accounts',105,120),(121,0,NULL,4,'2015-05-31 13:04:46','\0','','\0','\0','\0','\0','2015-05-31 13:04:46',1,'Cash-in-Hand','Cash-in-Hand',105,121),(122,0,NULL,4,'2015-05-31 13:04:46','\0','','\0','\0','\0','\0','2015-05-31 13:04:46',1,'Deposits (Assets)','Deposits (Assets)',105,122),(123,0,NULL,4,'2015-05-31 13:04:46','\0','','\0','\0','\0','\0','2015-05-31 13:04:46',1,'Stock-in-Hand','Stock-in-Hand',105,123),(124,0,NULL,4,'2015-05-31 13:04:46','\0','','\0','\0','\0','\0','2015-05-31 13:04:46',1,'Loan and Advance (Assets)','Loan and Advance (Assets)',105,124),(125,0,NULL,4,'2015-05-31 13:04:46','\0','','\0','\0','\0','\0','2015-05-31 13:04:46',1,'Sundry Debtors','Sundry Debtors',105,125),(126,0,NULL,4,'2015-05-31 13:04:46','\0','','\0','\0','\0','\0','2015-05-31 13:04:46',1,'Unsecured Loans','Unsecured Loans',109,126),(127,0,NULL,4,'2015-05-31 13:04:46','\0','','\0','\0','\0','\0','2015-05-31 13:04:46',1,'Bank OD A/c','Bank OD A/c',109,127),(128,0,'Retained Earnings',4,'2015-05-31 13:04:46','\0','','\0','\0','\0','\0','2015-05-31 13:04:46',1,'Reserves & Surplus','Reserves & Surplus',111,128),(129,0,NULL,4,'2015-05-31 13:04:46','\0','','\0','\0','\0','\0','2015-05-31 13:04:46',1,'Secured Loans','Secured Loans',111,129),(130,0,NULL,4,'2015-05-31 13:04:46','\0','','\0','\0','\0','\0','2015-05-31 13:04:46',1,'Provisions','Provisions',112,130),(131,0,NULL,4,'2015-05-31 13:04:46','\0','','\0','\0','\0','\0','2015-05-31 13:04:46',1,'Sundry Creditors','Sundry Creditors',112,131),(132,0,NULL,4,'2015-05-31 13:04:46','\0','','\0','\0','\0','\0','2015-05-31 13:04:46',1,'Duties & Taxes','Duties & Taxes',112,132),(133,0,NULL,3,'2015-05-31 13:18:48','\0','','\0','\0','\0','\0','2015-05-31 13:18:48',3,'VAT','Duties & Taxes',99,133),(134,0,NULL,3,'2015-05-31 13:19:30','\0','','\0','\0','\0','\0','2015-05-31 13:19:30',3,'EXCISE','Duties & Taxes',99,134),(135,0,NULL,5,'2015-08-22 10:34:35','\0','\0','\0','\0','\0','\0','2015-08-22 10:34:35',1,'Primary','Primary',NULL,135),(136,0,NULL,5,'2015-08-22 10:34:35','\0','\0','\0','\0','\0','\0','2015-08-22 10:34:35',1,'Assets','Assets',135,136),(137,0,NULL,5,'2015-08-22 10:34:35','\0','\0','\0','\0','\0','\0','2015-08-22 10:34:35',1,'Liabilities','Liabilities',135,137),(138,0,NULL,5,'2015-08-22 10:34:35','\0','\0','\0','\0','\0','\0','2015-08-22 10:34:35',1,'Expenses','Expenses',135,138),(139,0,NULL,5,'2015-08-22 10:34:35','\0','\0','\0','\0','\0','\0','2015-08-22 10:34:35',1,'Income','Income',135,139),(140,0,NULL,5,'2015-08-22 10:34:35','\0','','\0','\0','\0','\0','2015-08-22 10:34:35',1,'Current Assets','Current Assets',136,140),(141,1,NULL,5,'2015-08-22 10:34:35','\0','','','\0','\0','\0','2015-09-04 16:14:26',1,'Fixed Assets','Fixed Assets',136,141),(142,0,NULL,5,'2015-08-22 10:34:35','\0','','\0','\0','\0','\0','2015-08-22 10:34:35',1,'Investments','Investments',136,142),(143,0,NULL,5,'2015-08-22 10:34:35','\0','','\0','\0','\0','\0','2015-08-22 10:34:35',1,'Misc. Expenses (Assets)','Misc. Expenses (Assets)',136,143),(144,0,NULL,5,'2015-08-22 10:34:35','\0','','\0','\0','\0','\0','2015-08-22 10:34:35',1,'Loans (liability)','Loans (liability)',137,144),(145,0,NULL,5,'2015-08-22 10:34:35','\0','','\0','\0','\0','\0','2015-08-22 10:34:35',1,'Branch/Divisions','Branch/Divisions',137,145),(146,0,NULL,5,'2015-08-22 10:34:35','\0','','\0','\0','\0','\0','2015-08-22 10:34:35',1,'Capital Account','Capital Account',137,146),(147,0,NULL,5,'2015-08-22 10:34:35','\0','','\0','\0','\0','\0','2015-08-22 10:34:35',1,'Current Liabilities','Current Liabilities',137,147),(148,0,NULL,5,'2015-08-22 10:34:35','\0','','\0','\0','\0','\0','2015-08-22 10:34:35',1,'Suspense A/c','Suspense A/c',137,148),(149,0,NULL,5,'2015-08-22 10:34:35','\0','','\0','\0','\0','\0','2015-08-22 10:34:35',1,'Direct Expenses','Direct Expenses',138,149),(150,0,NULL,5,'2015-08-22 10:34:35','\0','','\0','\0','\0','\0','2015-08-22 10:34:35',1,'Indirect Expenses','Indirect Expenses',138,150),(151,0,NULL,5,'2015-08-22 10:34:35','\0','','\0','\0','\0','\0','2015-08-22 10:34:35',1,'Purchase Accounts','Purchase Accounts',138,151),(152,0,NULL,5,'2015-08-22 10:34:35','\0','','\0','\0','\0','\0','2015-08-22 10:34:35',1,'Direct Income','Direct Income',139,152),(153,0,NULL,5,'2015-08-22 10:34:35','\0','','\0','\0','\0','\0','2015-08-22 10:34:35',1,'Indirect Income','Indirect Income',139,153),(154,0,NULL,5,'2015-08-22 10:34:35','\0','','\0','\0','\0','\0','2015-08-22 10:34:35',1,'Sales Accounts','Sales Accounts',139,154),(155,0,NULL,5,'2015-08-22 10:34:35','\0','','\0','\0','\0','\0','2015-08-22 10:34:35',1,'Bank Accounts','Bank Accounts',140,155),(156,0,NULL,5,'2015-08-22 10:34:35','\0','','\0','\0','\0','\0','2015-08-22 10:34:35',1,'Cash-in-Hand','Cash-in-Hand',140,156),(157,0,NULL,5,'2015-08-22 10:34:35','\0','','\0','\0','\0','\0','2015-08-22 10:34:35',1,'Deposits (Assets)','Deposits (Assets)',140,157),(158,0,NULL,5,'2015-08-22 10:34:35','\0','','\0','\0','\0','\0','2015-08-22 10:34:35',1,'Stock-in-Hand','Stock-in-Hand',140,158),(159,0,NULL,5,'2015-08-22 10:34:35','\0','','\0','\0','\0','\0','2015-08-22 10:34:35',1,'Loan and Advance (Assets)','Loan and Advance (Assets)',140,159),(160,0,NULL,5,'2015-08-22 10:34:35','\0','','\0','\0','\0','\0','2015-08-22 10:34:35',1,'Sundry Debtors','Sundry Debtors',140,160),(161,0,NULL,5,'2015-08-22 10:34:35','\0','','\0','\0','\0','\0','2015-08-22 10:34:35',1,'Unsecured Loans','Unsecured Loans',144,161),(162,0,NULL,5,'2015-08-22 10:34:35','\0','','\0','\0','\0','\0','2015-08-22 10:34:35',1,'Bank OD A/c','Bank OD A/c',144,162),(163,0,'Retained Earnings',5,'2015-08-22 10:34:35','\0','','\0','\0','\0','\0','2015-08-22 10:34:35',1,'Reserves & Surplus','Reserves & Surplus',146,163),(164,0,NULL,5,'2015-08-22 10:34:35','\0','','\0','\0','\0','\0','2015-08-22 10:34:35',1,'Secured Loans','Secured Loans',146,164),(165,0,NULL,5,'2015-08-22 10:34:35','\0','','\0','\0','\0','\0','2015-08-22 10:34:35',1,'Provisions','Provisions',147,165),(166,0,NULL,5,'2015-08-22 10:34:35','\0','','\0','\0','\0','\0','2015-08-22 10:34:35',1,'Sundry Creditors','Sundry Creditors',147,166),(167,0,NULL,5,'2015-08-22 10:34:35','\0','','\0','\0','\0','\0','2015-08-22 10:34:35',1,'Duties & Taxes','Duties & Taxes',147,167),(168,1,NULL,5,'2015-08-22 10:44:37','\0','','\0','\0','\0','\0','2015-08-22 10:50:52',4,'VAT','Duties & Taxes',167,168),(169,0,NULL,5,'2015-08-22 10:45:23','\0','','\0','\0','\0','\0','2015-08-22 10:45:23',4,'Excise','Duties & Taxes',167,169),(170,0,NULL,5,'2015-08-22 10:45:47','\0','','\0','\0','\0','\0','2015-08-22 10:45:47',4,'TDS','Duties & Taxes',167,170),(171,1,NULL,5,'2015-08-22 15:34:40','\0','','\0','\0','\0','\0','2015-08-22 15:35:49',4,'PRAFUL VORA','Sundry Debtors',160,171),(172,0,NULL,6,'2015-09-04 11:46:42','\0','\0','\0','\0','\0','\0','2015-09-04 11:46:42',4,'Primary','Primary',NULL,172),(173,0,NULL,6,'2015-09-04 11:46:42','\0','\0','\0','\0','\0','\0','2015-09-04 11:46:42',4,'Assets','Assets',172,173),(174,0,NULL,6,'2015-09-04 11:46:42','\0','\0','\0','\0','\0','\0','2015-09-04 11:46:42',4,'Liabilities','Liabilities',172,174),(175,0,NULL,6,'2015-09-04 11:46:42','\0','\0','\0','\0','\0','\0','2015-09-04 11:46:42',4,'Expenses','Expenses',172,175),(176,0,NULL,6,'2015-09-04 11:46:42','\0','\0','\0','\0','\0','\0','2015-09-04 11:46:42',4,'Income','Income',172,176),(177,0,NULL,6,'2015-09-04 11:46:42','\0','','\0','\0','\0','\0','2015-09-04 11:46:42',4,'Current Assets','Current Assets',173,177),(178,0,NULL,6,'2015-09-04 11:46:42','\0','','\0','\0','\0','\0','2015-09-04 11:46:42',4,'Fixed Assets','Fixed Assets',173,178),(179,0,NULL,6,'2015-09-04 11:46:42','\0','','\0','\0','\0','\0','2015-09-04 11:46:42',4,'Investments','Investments',173,179),(180,0,NULL,6,'2015-09-04 11:46:42','\0','','\0','\0','\0','\0','2015-09-04 11:46:42',4,'Misc. Expenses (Assets)','Misc. Expenses (Assets)',173,180),(181,0,NULL,6,'2015-09-04 11:46:42','\0','','\0','\0','\0','\0','2015-09-04 11:46:42',4,'Loans (liability)','Loans (liability)',174,181),(182,0,NULL,6,'2015-09-04 11:46:42','\0','','\0','\0','\0','\0','2015-09-04 11:46:42',4,'Branch/Divisions','Branch/Divisions',174,182),(183,0,NULL,6,'2015-09-04 11:46:42','\0','','\0','\0','\0','\0','2015-09-04 11:46:42',4,'Capital Account','Capital Account',174,183),(184,0,NULL,6,'2015-09-04 11:46:42','\0','','\0','\0','\0','\0','2015-09-04 11:46:42',4,'Current Liabilities','Current Liabilities',174,184),(185,0,NULL,6,'2015-09-04 11:46:42','\0','','\0','\0','\0','\0','2015-09-04 11:46:42',4,'Suspense A/c','Suspense A/c',174,185),(186,0,NULL,6,'2015-09-04 11:46:42','\0','','\0','\0','\0','\0','2015-09-04 11:46:42',4,'Direct Expenses','Direct Expenses',175,186),(187,0,NULL,6,'2015-09-04 11:46:42','\0','','\0','\0','\0','\0','2015-09-04 11:46:42',4,'Indirect Expenses','Indirect Expenses',175,187),(188,0,NULL,6,'2015-09-04 11:46:42','\0','','\0','\0','\0','\0','2015-09-04 11:46:42',4,'Purchase Accounts','Purchase Accounts',175,188),(189,0,NULL,6,'2015-09-04 11:46:42','\0','','\0','\0','\0','\0','2015-09-04 11:46:42',4,'Direct Income','Direct Income',176,189),(190,0,NULL,6,'2015-09-04 11:46:42','\0','','\0','\0','\0','\0','2015-09-04 11:46:42',4,'Indirect Income','Indirect Income',176,190),(191,0,NULL,6,'2015-09-04 11:46:42','\0','','\0','\0','\0','\0','2015-09-04 11:46:42',4,'Sales Accounts','Sales Accounts',176,191),(192,0,NULL,6,'2015-09-04 11:46:42','\0','','\0','\0','\0','\0','2015-09-04 11:46:42',4,'Bank Accounts','Bank Accounts',177,192),(193,0,NULL,6,'2015-09-04 11:46:42','\0','','\0','\0','\0','\0','2015-09-04 11:46:42',4,'Cash-in-Hand','Cash-in-Hand',177,193),(194,0,NULL,6,'2015-09-04 11:46:42','\0','','\0','\0','\0','\0','2015-09-04 11:46:42',4,'Deposits (Assets)','Deposits (Assets)',177,194),(195,0,NULL,6,'2015-09-04 11:46:42','\0','','\0','\0','\0','\0','2015-09-04 11:46:42',4,'Stock-in-Hand','Stock-in-Hand',177,195),(196,0,NULL,6,'2015-09-04 11:46:42','\0','','\0','\0','\0','\0','2015-09-04 11:46:42',4,'Loan and Advance (Assets)','Loan and Advance (Assets)',177,196),(197,0,NULL,6,'2015-09-04 11:46:42','\0','','\0','\0','\0','\0','2015-09-04 11:46:42',4,'Sundry Debtors','Sundry Debtors',177,197),(198,0,NULL,6,'2015-09-04 11:46:42','\0','','\0','\0','\0','\0','2015-09-04 11:46:42',4,'Unsecured Loans','Unsecured Loans',181,198),(199,0,NULL,6,'2015-09-04 11:46:42','\0','','\0','\0','\0','\0','2015-09-04 11:46:42',4,'Bank OD A/c','Bank OD A/c',181,199),(200,0,'Retained Earnings',6,'2015-09-04 11:46:42','\0','','\0','\0','\0','\0','2015-09-04 11:46:42',4,'Reserves & Surplus','Reserves & Surplus',183,200),(201,0,NULL,6,'2015-09-04 11:46:42','\0','','\0','\0','\0','\0','2015-09-04 11:46:42',4,'Secured Loans','Secured Loans',183,201),(202,0,NULL,6,'2015-09-04 11:46:42','\0','','\0','\0','\0','\0','2015-09-04 11:46:42',4,'Provisions','Provisions',184,202),(203,0,NULL,6,'2015-09-04 11:46:42','\0','','\0','\0','\0','\0','2015-09-04 11:46:42',4,'Sundry Creditors','Sundry Creditors',184,203),(204,0,NULL,6,'2015-09-04 11:46:42','\0','','\0','\0','\0','\0','2015-09-04 11:46:42',4,'Duties & Taxes','Duties & Taxes',184,204),(205,0,'tax1',5,'2015-09-08 18:25:40','\0','','\0','\0','\0','\0','2015-09-08 18:25:40',4,'tax1','Duties & Taxes',167,205),(206,0,NULL,6,'2015-09-14 14:46:24','\0','','\0','\0','\0','\0','2015-09-14 14:46:24',5,'Excise\\','Duties & Taxes',204,206),(207,0,NULL,6,'2015-09-14 14:46:55','\0','','\0','\0','\0','\0','2015-09-14 14:46:55',5,'Vat','Duties & Taxes',204,207),(208,0,NULL,6,'2015-09-14 14:47:24','\0','','\0','\0','\0','\0','2015-09-14 14:47:24',5,'Tds','Duties & Taxes',204,208),(209,0,NULL,6,'2015-09-14 14:47:59','\0','','\0','\0','\0','\0','2015-09-14 14:47:59',5,'Sticching Debtors','Sundry Debtors',197,209),(210,0,NULL,6,'2015-09-14 14:48:25','\0','','\0','\0','\0','\0','2015-09-14 14:48:25',5,'Black Wire','Sundry Debtors',197,210),(211,0,NULL,6,'2015-09-14 14:48:59','\0','','\0','\0','\0','\0','2015-09-14 14:48:59',5,'Prafulbhai Vora','Sundry Debtors',197,211),(212,0,NULL,6,'2015-09-14 14:49:35','\0','','\0','\0','\0','\0','2015-09-14 14:49:35',5,'Transporter','Sundry Creditors',203,212),(213,0,NULL,6,'2015-09-14 14:50:03','\0','','\0','\0','\0','\0','2015-09-14 14:50:03',5,'Wire Rod','Sundry Creditors',203,213),(214,0,NULL,6,'2015-09-14 15:16:50','\0','','\0','\0','\0','\0','2015-09-14 15:16:50',5,'Raw material Creditors','Sundry Creditors',203,214),(215,0,NULL,6,'2015-09-14 15:35:48','\0','','\0','\0','\0','\0','2015-09-14 15:35:48',5,'Transporter','Sundry Creditors',203,215),(216,0,NULL,6,'2015-09-14 15:52:30','\0','','\0','\0','\0','\0','2015-09-14 15:52:30',5,'Sales on CST','Sales Accounts',191,216),(217,0,NULL,6,'2015-09-14 15:56:01','\0','','\0','\0','\0','\0','2015-09-14 15:56:01',5,'CST','Duties & Taxes',204,217);

/*Table structure for table `account_ledger` */

DROP TABLE IF EXISTS `account_ledger`;

CREATE TABLE `account_ledger` (
  `id` bigint(20) NOT NULL AUTO_INCREMENT,
  `version` bigint(20) NOT NULL,
  `account_name` varchar(255) DEFAULT NULL,
  `account_no` varchar(255) DEFAULT NULL,
  `active_interest_calculation` bit(1) NOT NULL,
  `address` varchar(255) DEFAULT NULL,
  `alias` varchar(255) DEFAULT NULL,
  `branch_name` varchar(255) DEFAULT NULL,
  `bsr_code` varchar(255) DEFAULT NULL,
  `buyer_lessee_id` bigint(20) DEFAULT NULL,
  `category_id` bigint(20) DEFAULT NULL,
  `company_id` bigint(20) NOT NULL,
  `contact_person` varchar(255) DEFAULT NULL,
  `credit_days` int(11) NOT NULL,
  `cst_no` varchar(255) DEFAULT NULL,
  `date_created` datetime NOT NULL,
  `deductee_type_id` bigint(20) DEFAULT NULL,
  `duty_head_id` bigint(20) DEFAULT NULL,
  `email` varchar(255) DEFAULT NULL,
  `fax_no` varchar(255) DEFAULT NULL,
  `ifsc_code` varchar(255) DEFAULT NULL,
  `ignore_surcharge_exception_limit` bit(1) NOT NULL,
  `is_abatement` bit(1) NOT NULL,
  `is_service_tax` bit(1) NOT NULL,
  `is_tcs_applicable` bit(1) NOT NULL,
  `is_tds_deductee` bit(1) NOT NULL,
  `is_vat` bit(1) NOT NULL,
  `last_updated` datetime NOT NULL,
  `last_updated_by_id` bigint(20) NOT NULL,
  `mailing_name` varchar(255) DEFAULT NULL,
  `maintain_bill` bit(1) NOT NULL,
  `method_of_calculation_id` bigint(20) DEFAULT NULL,
  `mobile_no` varchar(255) DEFAULT NULL,
  `name` varchar(255) NOT NULL,
  `no_collection_applicable` bit(1) NOT NULL,
  `note` varchar(255) DEFAULT NULL,
  `notification_no` varchar(255) DEFAULT NULL,
  `opening_balance` decimal(19,2) NOT NULL,
  `pan_no` varchar(255) DEFAULT NULL,
  `percentage` int(11) NOT NULL,
  `percentage_of_calculation` int(11) NOT NULL,
  `pin_code` varchar(255) DEFAULT NULL,
  `provide_bank_details` bit(1) NOT NULL,
  `reconciliation_date` date DEFAULT NULL,
  `round_method_id` bigint(20) DEFAULT NULL,
  `sales_tax_no` varchar(255) DEFAULT NULL,
  `section_number` varchar(255) DEFAULT NULL,
  `state_id` bigint(20) DEFAULT NULL,
  `status` varchar(255) NOT NULL,
  `tax_class_id` bigint(20) DEFAULT NULL,
  `tcs_lower_rate` int(11) NOT NULL,
  `telephone_no` varchar(255) DEFAULT NULL,
  `type_of_duty_id` bigint(20) DEFAULT NULL,
  `under_group_id` bigint(20) NOT NULL,
  `unique_key` int(11) NOT NULL,
  `use_primary_group` bit(1) NOT NULL,
  `ecc_no` varchar(255) DEFAULT NULL,
  `party_id` bigint(20) DEFAULT NULL,
  PRIMARY KEY (`id`),
  KEY `FK_62qjx5y362qywwtrarmttn8ji` (`buyer_lessee_id`),
  KEY `FK_9wcwgvvqbrk4nclqthfe1ooh8` (`category_id`),
  KEY `FK_pxx437f0ikda0tvkcrdxusiia` (`company_id`),
  KEY `FK_nso6oq158npsn9lbjg2wi6ecc` (`deductee_type_id`),
  KEY `FK_509633nkv43349t2uh17e0rdi` (`duty_head_id`),
  KEY `FK_e5muc3sxoiaipg1mtuybx2pus` (`last_updated_by_id`),
  KEY `FK_jordsj8utp1f22k2gpbh10d50` (`method_of_calculation_id`),
  KEY `FK_dx7q797n2od14kncsrtf5bbcn` (`round_method_id`),
  KEY `FK_964ffr3rookkasxfe3ig3dv5o` (`state_id`),
  KEY `FK_ct1m7qa7urrfoy5ojyeid3plr` (`tax_class_id`),
  KEY `FK_ehi8kavtjp7suc15bircefs7l` (`type_of_duty_id`),
  KEY `FK_gkha0pegm3mcchx4wctpx6qnk` (`under_group_id`),
  CONSTRAINT `FK_509633nkv43349t2uh17e0rdi` FOREIGN KEY (`duty_head_id`) REFERENCES `account_flag` (`id`),
  CONSTRAINT `FK_62qjx5y362qywwtrarmttn8ji` FOREIGN KEY (`buyer_lessee_id`) REFERENCES `account_flag` (`id`),
  CONSTRAINT `FK_964ffr3rookkasxfe3ig3dv5o` FOREIGN KEY (`state_id`) REFERENCES `state` (`id`),
  CONSTRAINT `FK_9wcwgvvqbrk4nclqthfe1ooh8` FOREIGN KEY (`category_id`) REFERENCES `account_flag` (`id`),
  CONSTRAINT `FK_ct1m7qa7urrfoy5ojyeid3plr` FOREIGN KEY (`tax_class_id`) REFERENCES `account_flag` (`id`),
  CONSTRAINT `FK_dx7q797n2od14kncsrtf5bbcn` FOREIGN KEY (`round_method_id`) REFERENCES `account_flag` (`id`),
  CONSTRAINT `FK_e5muc3sxoiaipg1mtuybx2pus` FOREIGN KEY (`last_updated_by_id`) REFERENCES `user` (`id`),
  CONSTRAINT `FK_ehi8kavtjp7suc15bircefs7l` FOREIGN KEY (`type_of_duty_id`) REFERENCES `account_flag` (`id`),
  CONSTRAINT `FK_gkha0pegm3mcchx4wctpx6qnk` FOREIGN KEY (`under_group_id`) REFERENCES `account_group` (`id`),
  CONSTRAINT `FK_jordsj8utp1f22k2gpbh10d50` FOREIGN KEY (`method_of_calculation_id`) REFERENCES `account_flag` (`id`),
  CONSTRAINT `FK_nso6oq158npsn9lbjg2wi6ecc` FOREIGN KEY (`deductee_type_id`) REFERENCES `account_flag` (`id`),
  CONSTRAINT `FK_pxx437f0ikda0tvkcrdxusiia` FOREIGN KEY (`company_id`) REFERENCES `company` (`id`)
) ENGINE=InnoDB AUTO_INCREMENT=208 DEFAULT CHARSET=latin1;

/*Data for the table `account_ledger` */

insert  into `account_ledger`(`id`,`version`,`account_name`,`account_no`,`active_interest_calculation`,`address`,`alias`,`branch_name`,`bsr_code`,`buyer_lessee_id`,`category_id`,`company_id`,`contact_person`,`credit_days`,`cst_no`,`date_created`,`deductee_type_id`,`duty_head_id`,`email`,`fax_no`,`ifsc_code`,`ignore_surcharge_exception_limit`,`is_abatement`,`is_service_tax`,`is_tcs_applicable`,`is_tds_deductee`,`is_vat`,`last_updated`,`last_updated_by_id`,`mailing_name`,`maintain_bill`,`method_of_calculation_id`,`mobile_no`,`name`,`no_collection_applicable`,`note`,`notification_no`,`opening_balance`,`pan_no`,`percentage`,`percentage_of_calculation`,`pin_code`,`provide_bank_details`,`reconciliation_date`,`round_method_id`,`sales_tax_no`,`section_number`,`state_id`,`status`,`tax_class_id`,`tcs_lower_rate`,`telephone_no`,`type_of_duty_id`,`under_group_id`,`unique_key`,`use_primary_group`,`ecc_no`,`party_id`) values (1,0,NULL,NULL,'\0',NULL,NULL,NULL,NULL,NULL,NULL,1,NULL,0,NULL,'2015-05-15 19:13:16',NULL,NULL,NULL,NULL,NULL,'\0','\0','\0','\0','\0','\0','2015-05-15 19:13:16',1,NULL,'\0',NULL,NULL,'Cash','\0',NULL,NULL,'0.00',NULL,0,0,NULL,'\0',NULL,NULL,NULL,NULL,NULL,'Dr',NULL,0,NULL,NULL,22,1,'\0',NULL,0),(2,1,NULL,NULL,'\0',NULL,NULL,NULL,NULL,NULL,NULL,1,NULL,0,NULL,'2015-05-15 19:13:16',NULL,NULL,NULL,NULL,NULL,'\0','\0','\0','\0','\0','\0','2015-05-15 19:41:39',1,NULL,'\0',NULL,NULL,'Profit & Loss A/c','\0',NULL,NULL,'0.00',NULL,0,0,NULL,'\0',NULL,NULL,NULL,NULL,NULL,'Dr',NULL,0,NULL,NULL,1,2,'',NULL,0),(3,1,NULL,NULL,'\0',NULL,NULL,NULL,NULL,NULL,NULL,2,NULL,0,NULL,'2015-05-15 19:49:08',NULL,NULL,NULL,NULL,NULL,'\0','\0','\0','\0','\0','\0','2015-05-16 18:25:28',1,NULL,'\0',NULL,NULL,'Cash','\0',NULL,NULL,'25000.00',NULL,0,0,NULL,'\0',NULL,NULL,NULL,NULL,NULL,'Dr',NULL,0,NULL,NULL,55,3,'\0',NULL,0),(4,0,NULL,NULL,'\0',NULL,NULL,NULL,NULL,NULL,NULL,2,NULL,0,NULL,'2015-05-15 19:49:08',NULL,NULL,NULL,NULL,NULL,'\0','\0','\0','\0','\0','\0','2015-05-15 19:49:08',1,NULL,'\0',NULL,NULL,'Profit & Loss A/c','\0',NULL,NULL,'0.00',NULL,0,0,NULL,'\0',NULL,NULL,NULL,NULL,NULL,'Dr',NULL,0,NULL,NULL,1,4,'\0',NULL,0),(5,0,NULL,NULL,'\0',NULL,'d',NULL,NULL,NULL,NULL,2,NULL,0,NULL,'2015-05-16 18:07:47',NULL,NULL,NULL,NULL,NULL,'\0','\0','\0','\0','\0','\0','2015-05-16 18:07:47',2,NULL,'\0',NULL,NULL,'Dabtors  a/c','\0',NULL,NULL,'10000.00',NULL,0,0,NULL,'\0',NULL,NULL,NULL,'206C',NULL,'Dr',NULL,0,NULL,NULL,59,5,'\0',NULL,0),(6,0,NULL,NULL,'\0',NULL,NULL,NULL,NULL,NULL,NULL,2,NULL,0,NULL,'2015-05-16 18:08:45',NULL,NULL,NULL,NULL,NULL,'\0','\0','\0','\0','\0','\0','2015-05-16 18:08:45',2,NULL,'\0',NULL,NULL,'Creditors a/c','\0',NULL,NULL,'10000.00',NULL,0,0,NULL,'\0',NULL,NULL,NULL,'206C',NULL,'Cr',NULL,0,NULL,NULL,65,6,'\0',NULL,0),(7,0,NULL,NULL,'\0',NULL,NULL,NULL,NULL,NULL,NULL,2,NULL,0,NULL,'2015-05-16 18:09:24',NULL,NULL,NULL,NULL,NULL,'\0','\0','\0','\0','\0','\0','2015-05-16 18:09:24',2,NULL,'\0',NULL,NULL,'sales','\0',NULL,NULL,'0.00',NULL,0,0,NULL,'\0',NULL,NULL,NULL,'206C',NULL,'Dr',NULL,0,NULL,NULL,53,7,'\0',NULL,0),(8,0,NULL,NULL,'\0',NULL,NULL,NULL,NULL,NULL,NULL,2,NULL,0,NULL,'2015-05-16 18:10:01',NULL,NULL,NULL,NULL,NULL,'\0','\0','\0','\0','\0','\0','2015-05-16 18:10:01',2,NULL,'\0',NULL,NULL,'Purchase','\0',NULL,NULL,'0.00',NULL,0,0,NULL,'\0',NULL,NULL,NULL,'206C',NULL,'Dr',NULL,0,NULL,NULL,64,8,'\0',NULL,0),(9,0,NULL,NULL,'\0',NULL,NULL,NULL,NULL,NULL,NULL,2,NULL,0,NULL,'2015-05-16 18:12:26',NULL,NULL,NULL,NULL,NULL,'\0','\0','\0','\0','\0','\0','2015-05-16 18:12:26',2,NULL,'\0',NULL,NULL,'salary','\0',NULL,NULL,'0.00',NULL,0,0,NULL,'\0',NULL,NULL,NULL,'206C',NULL,'Dr',NULL,0,NULL,NULL,49,9,'\0',NULL,0),(10,0,NULL,NULL,'\0',NULL,NULL,NULL,NULL,NULL,NULL,2,NULL,0,NULL,'2015-05-16 18:12:47',NULL,NULL,NULL,NULL,NULL,'\0','\0','\0','\0','\0','\0','2015-05-16 18:12:47',2,NULL,'\0',NULL,NULL,'Rent paid','\0',NULL,NULL,'0.00',NULL,0,0,NULL,'\0',NULL,NULL,NULL,'206C',NULL,'Dr',NULL,0,NULL,NULL,49,10,'\0',NULL,0),(11,0,NULL,NULL,'\0',NULL,NULL,NULL,NULL,NULL,NULL,2,NULL,0,NULL,'2015-05-16 18:13:47',NULL,NULL,NULL,NULL,NULL,'\0','\0','\0','\0','\0','\0','2015-05-16 18:13:47',2,NULL,'\0',NULL,NULL,'sales','\0',NULL,NULL,'0.00',NULL,0,0,NULL,'\0',NULL,NULL,NULL,'206C',NULL,'Dr',NULL,0,NULL,NULL,53,11,'\0',NULL,0),(12,1,NULL,NULL,'\0',NULL,NULL,NULL,NULL,NULL,NULL,2,NULL,0,NULL,'2015-05-16 18:14:11',NULL,NULL,NULL,NULL,NULL,'\0','\0','\0','\0','\0','\0','2015-05-16 18:20:02',2,NULL,'\0',NULL,NULL,'Printing and stationary','\0',NULL,NULL,'0.00',NULL,0,0,NULL,'\0',NULL,NULL,NULL,'206C',NULL,'Dr',NULL,0,NULL,NULL,49,12,'\0',NULL,0),(13,1,NULL,NULL,'\0',NULL,NULL,NULL,NULL,NULL,NULL,2,NULL,0,NULL,'2015-05-16 18:14:47',NULL,NULL,NULL,NULL,NULL,'\0','\0','\0','\0','\0','\0','2015-05-16 18:21:08',2,NULL,'\0',NULL,NULL,'Interest Received','\0',NULL,NULL,'0.00',NULL,0,0,NULL,'\0',NULL,NULL,NULL,'206C',NULL,'Dr',NULL,0,NULL,NULL,52,13,'\0',NULL,0),(14,3,NULL,NULL,'\0',NULL,NULL,NULL,NULL,NULL,NULL,2,NULL,0,NULL,'2015-05-16 18:16:33',NULL,NULL,NULL,NULL,NULL,'\0','\0','\0','\0','\0','\0','2015-05-16 18:24:50',2,NULL,'\0',NULL,NULL,'Union bank of india C/C','\0',NULL,NULL,'2500000.00',NULL,0,0,NULL,'\0','2015-05-16',NULL,NULL,'206C',NULL,'Cr',NULL,0,NULL,NULL,61,14,'\0',NULL,0),(15,0,NULL,NULL,'\0',NULL,NULL,NULL,NULL,NULL,NULL,2,NULL,0,NULL,'2015-05-16 18:23:16',NULL,NULL,NULL,NULL,NULL,'\0','\0','\0','\0','\0','\0','2015-05-16 18:23:16',2,NULL,'\0',NULL,NULL,'Union Bank Current Account','\0',NULL,NULL,'0.00',NULL,0,0,NULL,'\0','2015-05-16',NULL,NULL,'206C',NULL,'Dr',NULL,0,NULL,NULL,54,15,'\0',NULL,0),(16,0,NULL,NULL,'\0',NULL,NULL,NULL,NULL,NULL,NULL,2,NULL,0,NULL,'2015-05-31 12:40:31',NULL,NULL,NULL,NULL,NULL,'\0','\0','\0','\0','\0','\0','2015-05-31 12:40:31',2,NULL,'\0',NULL,NULL,'dabtor 2','\0',NULL,NULL,'50000.00',NULL,0,0,NULL,'\0',NULL,NULL,NULL,'206C',NULL,'Dr',NULL,0,NULL,NULL,59,16,'\0',NULL,0),(17,0,NULL,NULL,'\0',NULL,NULL,NULL,NULL,NULL,NULL,2,NULL,0,NULL,'2015-05-31 12:41:38',NULL,NULL,NULL,NULL,NULL,'\0','\0','\0','\0','\0','\0','2015-05-31 12:41:38',2,NULL,'\0',NULL,NULL,'creditors 2','\0',NULL,NULL,'0.00',NULL,0,0,NULL,'\0',NULL,NULL,NULL,'206C',NULL,'Dr',NULL,0,NULL,NULL,65,17,'\0',NULL,0),(18,0,NULL,NULL,'\0',NULL,NULL,NULL,NULL,NULL,NULL,2,NULL,0,NULL,'2015-05-31 12:45:02',NULL,NULL,NULL,NULL,NULL,'\0','\0','\0','\0','\0','\0','2015-05-31 12:45:02',2,NULL,'\0',NULL,NULL,'purchase 2','\0',NULL,NULL,'0.00',NULL,0,0,NULL,'\0',NULL,NULL,NULL,'206C',NULL,'Dr',NULL,0,NULL,NULL,50,18,'\0',NULL,0),(19,0,NULL,NULL,'\0',NULL,NULL,NULL,NULL,NULL,NULL,3,NULL,0,NULL,'2015-05-31 12:47:27',NULL,NULL,NULL,NULL,NULL,'\0','\0','\0','\0','\0','\0','2015-05-31 12:47:27',2,NULL,'\0',NULL,NULL,'Cash','\0',NULL,NULL,'0.00',NULL,0,0,NULL,'\0',NULL,NULL,NULL,NULL,NULL,'Dr',NULL,0,NULL,NULL,22,19,'\0',NULL,0),(20,0,NULL,NULL,'\0',NULL,NULL,NULL,NULL,NULL,NULL,3,NULL,0,NULL,'2015-05-31 12:47:27',NULL,NULL,NULL,NULL,NULL,'\0','\0','\0','\0','\0','\0','2015-05-31 12:47:27',2,NULL,'\0',NULL,NULL,'Profit & Loss A/c','\0',NULL,NULL,'0.00',NULL,0,0,NULL,'\0',NULL,NULL,NULL,NULL,NULL,'Dr',NULL,0,NULL,NULL,1,20,'\0',NULL,0),(21,0,NULL,NULL,'\0',NULL,NULL,NULL,NULL,NULL,NULL,4,NULL,0,NULL,'2015-05-31 13:04:46',NULL,NULL,NULL,NULL,NULL,'\0','\0','\0','\0','\0','\0','2015-05-31 13:04:46',1,NULL,'\0',NULL,NULL,'Cash','\0',NULL,NULL,'0.00',NULL,0,0,NULL,'\0',NULL,NULL,NULL,NULL,NULL,'Dr',NULL,0,NULL,NULL,22,21,'\0',NULL,0),(22,0,NULL,NULL,'\0',NULL,NULL,NULL,NULL,NULL,NULL,4,NULL,0,NULL,'2015-05-31 13:04:46',NULL,NULL,NULL,NULL,NULL,'\0','\0','\0','\0','\0','\0','2015-05-31 13:04:46',1,NULL,'\0',NULL,NULL,'Profit & Loss A/c','\0',NULL,NULL,'0.00',NULL,0,0,NULL,'\0',NULL,NULL,NULL,NULL,NULL,'Dr',NULL,0,NULL,NULL,1,22,'\0',NULL,0),(23,0,NULL,NULL,'\0',NULL,NULL,NULL,NULL,NULL,NULL,3,NULL,0,NULL,'2015-05-31 13:17:32',NULL,NULL,NULL,NULL,NULL,'\0','\0','\0','\0','\0','\0','2015-05-31 13:17:32',3,NULL,'\0',NULL,NULL,'PURCHASE A/C','\0',NULL,NULL,'0.00',NULL,0,0,NULL,'\0',NULL,NULL,NULL,'206C',NULL,'Dr',NULL,0,NULL,NULL,83,23,'\0',NULL,0),(24,0,NULL,NULL,'\0',NULL,NULL,NULL,NULL,NULL,NULL,3,NULL,0,NULL,'2015-05-31 13:17:55',NULL,NULL,NULL,NULL,NULL,'\0','\0','\0','\0','\0','\0','2015-05-31 13:17:55',3,NULL,'\0',NULL,NULL,'SALES','\0',NULL,NULL,'0.00',NULL,0,0,NULL,'\0',NULL,NULL,NULL,'206C',NULL,'Dr',NULL,0,NULL,NULL,86,24,'\0',NULL,0),(25,0,NULL,NULL,'\0',NULL,NULL,NULL,NULL,NULL,NULL,3,NULL,0,NULL,'2015-05-31 13:20:17',NULL,NULL,NULL,NULL,NULL,'\0','\0','\0','\0','\0','\0','2015-05-31 13:20:17',3,NULL,'\0',NULL,NULL,'INPUT VAT 5','\0',NULL,NULL,'0.00',NULL,0,0,NULL,'\0',NULL,NULL,NULL,'206C',NULL,'Dr',NULL,0,NULL,6,133,25,'\0',NULL,0),(26,0,NULL,NULL,'\0',NULL,NULL,NULL,NULL,NULL,NULL,3,NULL,0,NULL,'2015-05-31 13:20:45',NULL,NULL,NULL,NULL,NULL,'\0','\0','\0','\0','\0','\0','2015-05-31 13:20:45',3,NULL,'\0',NULL,NULL,'OUTPUT VAT 5','\0',NULL,NULL,'0.00',NULL,0,0,NULL,'\0',NULL,NULL,NULL,'206C',NULL,'Dr',NULL,0,NULL,6,133,26,'\0',NULL,0),(27,0,NULL,NULL,'\0',NULL,NULL,NULL,NULL,NULL,NULL,3,NULL,0,NULL,'2015-05-31 13:21:29',NULL,33,NULL,NULL,NULL,'\0','\0','\0','\0','\0','\0','2015-05-31 13:21:29',3,NULL,'\0',NULL,NULL,'BASIC EXCISE DUTY SALES','\0',NULL,NULL,'0.00',NULL,0,0,NULL,'\0',NULL,NULL,NULL,'206C',NULL,'Dr',NULL,0,NULL,5,134,27,'\0',NULL,0),(28,0,NULL,NULL,'\0',NULL,NULL,NULL,NULL,NULL,NULL,3,NULL,0,NULL,'2015-05-31 13:22:22',NULL,33,NULL,NULL,NULL,'\0','\0','\0','\0','\0','\0','2015-05-31 13:22:22',3,NULL,'\0',NULL,NULL,'EXCISE DUTY OF PURCHASE','\0',NULL,NULL,'0.00',NULL,0,0,NULL,'\0',NULL,NULL,NULL,'206C',NULL,'Dr',NULL,0,NULL,5,134,28,'\0',NULL,0),(29,0,NULL,NULL,'\0',NULL,NULL,NULL,NULL,NULL,NULL,3,NULL,0,NULL,'2015-05-31 13:23:41',NULL,NULL,NULL,NULL,NULL,'\0','\0','\0','\0','\0','\0','2015-05-31 13:23:41',3,NULL,'\0',NULL,NULL,'X DABTORS ACCOUNT','\0',NULL,NULL,'0.00',NULL,0,0,NULL,'\0',NULL,NULL,NULL,'206C',NULL,'Dr',NULL,0,NULL,NULL,92,29,'\0',NULL,0),(30,0,NULL,NULL,'\0',NULL,NULL,NULL,NULL,NULL,NULL,3,NULL,0,NULL,'2015-05-31 13:24:33',NULL,NULL,NULL,NULL,NULL,'\0','\0','\0','\0','\0','\0','2015-05-31 13:24:33',3,NULL,'\0',NULL,NULL,'C  CREDITORS','\0',NULL,NULL,'50000.00',NULL,0,0,NULL,'\0',NULL,NULL,NULL,'206C',NULL,'Cr',NULL,0,NULL,NULL,98,30,'\0',NULL,0),(31,0,NULL,NULL,'\0',NULL,NULL,NULL,NULL,NULL,NULL,3,NULL,0,NULL,'2015-05-31 13:32:31',NULL,NULL,NULL,NULL,NULL,'\0','\0','\0','\0','\0','\0','2015-05-31 13:32:31',3,NULL,'\0',NULL,NULL,'FREIGHT OUTWARD','\0',NULL,NULL,'0.00',NULL,0,0,NULL,'\0',NULL,NULL,NULL,'206C',NULL,'Dr',NULL,0,NULL,NULL,81,31,'\0',NULL,0),(32,0,NULL,NULL,'\0',NULL,NULL,NULL,NULL,NULL,NULL,3,NULL,0,NULL,'2015-05-31 13:32:56',NULL,NULL,NULL,NULL,NULL,'\0','\0','\0','\0','\0','\0','2015-05-31 13:32:56',3,NULL,'\0',NULL,NULL,'FREIGHT INWARD','\0',NULL,NULL,'0.00',NULL,0,0,NULL,'\0',NULL,NULL,NULL,'206C',NULL,'Dr',NULL,0,NULL,NULL,83,32,'\0',NULL,0),(33,0,NULL,NULL,'\0',NULL,NULL,NULL,NULL,NULL,NULL,3,NULL,0,NULL,'2015-05-31 13:32:56',NULL,NULL,NULL,NULL,NULL,'\0','\0','\0','\0','\0','\0','2015-05-31 13:32:56',3,NULL,'\0',NULL,NULL,'FREIGHT INWARD','\0',NULL,NULL,'0.00',NULL,0,0,NULL,'\0',NULL,NULL,NULL,'206C',NULL,'Dr',NULL,0,NULL,NULL,83,33,'\0',NULL,0),(34,0,NULL,NULL,'\0',NULL,NULL,NULL,NULL,NULL,NULL,3,NULL,0,NULL,'2015-05-31 13:33:31',NULL,NULL,NULL,NULL,NULL,'\0','\0','\0','\0','\0','\0','2015-05-31 13:33:31',3,NULL,'\0',NULL,NULL,'RENT PAID','\0',NULL,NULL,'0.00',NULL,0,0,NULL,'\0',NULL,NULL,NULL,'206C',NULL,'Dr',NULL,0,NULL,NULL,82,34,'\0',NULL,0),(35,0,NULL,NULL,'\0',NULL,NULL,NULL,NULL,NULL,NULL,3,NULL,0,NULL,'2015-05-31 13:33:59',NULL,NULL,NULL,NULL,NULL,'\0','\0','\0','\0','\0','\0','2015-05-31 13:33:59',3,NULL,'\0',NULL,NULL,'SALARY PAID','\0',NULL,NULL,'0.00',NULL,0,0,NULL,'\0',NULL,NULL,NULL,'206C',NULL,'Dr',NULL,0,NULL,NULL,82,35,'\0',NULL,0),(36,0,NULL,NULL,'\0',NULL,NULL,NULL,NULL,NULL,NULL,3,NULL,0,NULL,'2015-05-31 13:34:41',NULL,NULL,NULL,NULL,NULL,'\0','\0','\0','\0','\0','\0','2015-05-31 13:34:41',3,NULL,'\0',NULL,NULL,'INTEREST PAID','\0',NULL,NULL,'0.00',NULL,0,0,NULL,'\0',NULL,NULL,NULL,'206C',NULL,'Dr',NULL,0,NULL,NULL,82,36,'\0',NULL,0),(37,0,NULL,NULL,'\0',NULL,NULL,NULL,NULL,NULL,NULL,3,NULL,0,NULL,'2015-05-31 13:35:15',NULL,NULL,NULL,NULL,NULL,'\0','\0','\0','\0','\0','\0','2015-05-31 13:35:15',3,NULL,'\0',NULL,NULL,'INTEREST RECEIVED','\0',NULL,NULL,'0.00',NULL,0,0,NULL,'\0',NULL,NULL,NULL,'206C',NULL,'Dr',NULL,0,NULL,NULL,85,37,'\0',NULL,0),(38,0,'asd','asd','\0',NULL,'asdasd','asd',NULL,NULL,NULL,1,NULL,0,NULL,'2015-08-03 17:34:39',NULL,NULL,NULL,NULL,NULL,'\0','\0','\0','\0','\0','\0','2015-08-03 17:34:39',1,NULL,'\0',NULL,NULL,'asdasd','\0','asdasd',NULL,'10000.00',NULL,0,0,NULL,'\0','2015-08-03',NULL,NULL,'206C',NULL,'Cr',NULL,0,NULL,NULL,21,38,'\0',NULL,0),(39,0,'asd','asd','\0','asd','sad','asd','asd',NULL,NULL,1,'asd',0,NULL,'2015-08-03 19:15:31',NULL,NULL,NULL,NULL,'as','\0','\0','\0','\0','\0','\0','2015-08-03 19:15:31',1,'asd','\0',NULL,NULL,'testit1','\0','as',NULL,'435.00',NULL,0,0,'asd','\0',NULL,NULL,NULL,'206C',1,'Dr',NULL,0,'asd',NULL,11,39,'\0',NULL,0),(40,1,'aasd','asd','\0',NULL,'Rakesh Party',NULL,NULL,NULL,NULL,1,NULL,0,NULL,'2015-08-04 18:00:39',NULL,NULL,NULL,NULL,NULL,'\0','\0','\0','\0','\0','\0','2015-08-05 16:10:19',1,NULL,'\0',NULL,NULL,'Rakesh Party','\0','note',NULL,'100.00',NULL,0,0,NULL,'\0','2015-08-04',NULL,NULL,'206C',2,'Dr',NULL,0,NULL,NULL,32,40,'\0','null',0),(41,0,NULL,'retertertertrtrttr','\0',NULL,'ret',NULL,NULL,NULL,NULL,1,NULL,0,NULL,'2015-08-05 16:36:32',NULL,NULL,NULL,NULL,NULL,'\0','\0','\0','\0','\0','\0','2015-08-05 16:36:32',1,NULL,'\0',NULL,NULL,'rajjo','\0',NULL,NULL,'0.00',NULL,0,0,NULL,'\0',NULL,NULL,NULL,'206C',5,'Dr',NULL,0,NULL,NULL,32,41,'\0',NULL,0),(43,0,'cvb','cbvcb','\0','vbcvb','cx','cvbcvb','cvbcvb',NULL,NULL,1,NULL,0,NULL,'2015-08-06 12:10:56',NULL,NULL,NULL,NULL,'cvbc','\0','\0','\0','\0','\0','\0','2015-08-06 12:10:56',1,'cvbv','\0',NULL,NULL,'demo1','\0','zxc',NULL,'2450.00',NULL,0,0,'4545546','\0',NULL,NULL,NULL,'206C',1,'Dr',NULL,0,NULL,NULL,20,42,'\0',NULL,0),(44,0,'ac','12678','\0','ad1','als','Bhosari','rty',NULL,NULL,1,'sad',0,'dfg','2015-08-12 15:54:00',NULL,NULL,'asd','ad','g343','\0','\0','\0','\0','\0','\0','2015-08-12 15:54:00',1,'mn','\0',NULL,'asd','Ricks1','\0','n1',NULL,'10000.00','Asd',0,0,'411039','\0',NULL,NULL,'sdf','206C',1,'Dr',NULL,0,'asd',NULL,18,43,'\0','hffh',0),(45,0,NULL,NULL,'\0',NULL,NULL,NULL,NULL,NULL,NULL,1,NULL,0,NULL,'2015-08-14 18:39:43',NULL,NULL,NULL,NULL,NULL,'\0','\0','\0','\0','\0','\0','2015-08-14 18:39:43',1,NULL,'\0',NULL,NULL,'asd','\0',NULL,NULL,'0.00',NULL,0,0,NULL,'\0',NULL,NULL,NULL,'206C',NULL,'Dr',NULL,0,NULL,NULL,11,44,'\0',NULL,0),(46,0,NULL,NULL,'\0',NULL,NULL,NULL,NULL,NULL,NULL,1,NULL,0,NULL,'2015-08-14 18:43:08',NULL,NULL,NULL,NULL,NULL,'\0','\0','\0','\0','\0','\0','2015-08-14 18:43:08',1,NULL,'\0',NULL,NULL,'Holiday','\0',NULL,NULL,'0.00',NULL,0,0,NULL,'\0',NULL,NULL,NULL,'206C',NULL,'Dr',NULL,0,NULL,NULL,11,45,'\0',NULL,0),(47,0,NULL,NULL,'\0',NULL,NULL,NULL,NULL,NULL,NULL,1,NULL,0,NULL,'2015-08-14 19:03:26',NULL,NULL,NULL,NULL,NULL,'\0','\0','\0','\0','\0','\0','2015-08-14 19:03:26',1,NULL,'\0',NULL,NULL,'Payments Term','\0',NULL,NULL,'0.00',NULL,0,0,NULL,'\0',NULL,NULL,NULL,'206C',NULL,'Dr',NULL,0,NULL,NULL,6,46,'\0',NULL,0),(48,0,NULL,NULL,'\0',NULL,NULL,NULL,NULL,NULL,NULL,1,NULL,0,NULL,'2015-08-14 19:08:25',NULL,NULL,NULL,NULL,NULL,'\0','\0','\0','\0','\0','\0','2015-08-14 19:08:25',1,NULL,'\0',NULL,NULL,'dsfsd','\0',NULL,NULL,'0.00',NULL,0,0,NULL,'\0',NULL,NULL,NULL,'206C',NULL,'Dr',NULL,0,NULL,NULL,12,47,'\0',NULL,0),(49,0,'12731623','5463','\0',NULL,'al5','werwer',NULL,NULL,NULL,1,NULL,0,NULL,'2015-08-17 11:56:07',NULL,NULL,NULL,NULL,NULL,'\0','\0','\0','\0','\0','\0','2015-08-17 11:56:07',1,NULL,'\0',NULL,NULL,'led4','\0','n6',NULL,'5000.00',NULL,0,0,NULL,'\0',NULL,NULL,NULL,'206C',2,'Dr',NULL,0,NULL,NULL,20,48,'\0',NULL,0),(50,0,NULL,NULL,'\0',NULL,NULL,NULL,NULL,NULL,NULL,1,NULL,0,NULL,'2015-08-18 14:46:49',NULL,NULL,NULL,NULL,NULL,'\0','\0','\0','\0','\0','\0','2015-08-18 14:46:49',1,NULL,'\0',NULL,NULL,'Holiday','\0',NULL,NULL,'0.00',NULL,0,0,NULL,'\0',NULL,NULL,NULL,'206C',NULL,'Dr',NULL,0,NULL,NULL,22,49,'\0',NULL,0),(51,0,NULL,NULL,'\0','Pune',NULL,NULL,NULL,NULL,NULL,1,NULL,9,NULL,'2015-08-18 15:20:12',NULL,NULL,NULL,'1245-4567',NULL,'\0','\0','\0','\0','\0','\0','2015-08-18 15:20:12',1,NULL,'\0',NULL,NULL,'Yogi Systems','\0',NULL,NULL,'0.00',NULL,0,0,NULL,'\0',NULL,NULL,NULL,NULL,NULL,'Dr',NULL,0,'9890937123',NULL,1,50,'\0',NULL,0),(52,0,NULL,NULL,'\0',NULL,NULL,NULL,NULL,NULL,NULL,1,NULL,0,NULL,'2015-08-18 15:20:56',NULL,NULL,NULL,NULL,NULL,'\0','\0','\0','\0','\0','\0','2015-08-18 15:20:56',1,NULL,'\0',NULL,NULL,'Payments Term','\0',NULL,NULL,'200.00',NULL,0,0,NULL,'\0',NULL,NULL,NULL,'206C',NULL,'Dr',NULL,0,NULL,NULL,6,51,'\0',NULL,0),(56,8,NULL,NULL,'\0','Plot No A-1/1,Chakan Industrial Area, Phase - IV,Village-Nigoje Chakan Tal. Khed Dist.Pune -410 501',NULL,NULL,NULL,NULL,NULL,6,NULL,0,NULL,'2015-08-22 10:34:36',NULL,NULL,NULL,NULL,NULL,'\0','\0','\0','\0','\0','\0','2015-10-06 12:25:18',1,NULL,'\0',NULL,NULL,'Test PArty','\0',NULL,NULL,'0.00',NULL,0,0,NULL,'\0',NULL,NULL,NULL,NULL,NULL,'Dr',NULL,0,NULL,NULL,203,55,'\0','null',NULL),(57,0,NULL,NULL,'\0',NULL,NULL,NULL,NULL,NULL,NULL,5,NULL,0,NULL,'2015-08-22 10:34:36',NULL,NULL,NULL,NULL,NULL,'\0','\0','\0','\0','\0','\0','2015-08-22 10:34:36',1,NULL,'\0',NULL,NULL,'Profit & Loss A/c','\0',NULL,NULL,'0.00',NULL,0,0,NULL,'\0',NULL,NULL,NULL,NULL,NULL,'Dr',NULL,0,NULL,NULL,1,56,'\0',NULL,NULL),(58,0,NULL,NULL,'\0','pune',NULL,NULL,NULL,NULL,NULL,5,NULL,0,NULL,'2015-08-22 10:40:15',NULL,NULL,NULL,NULL,NULL,'\0','\0','\0','\0','\0','\0','2015-08-22 10:40:15',4,NULL,'\0',NULL,NULL,'Pradip khollam','\0',NULL,NULL,'0.00',NULL,0,0,NULL,'\0',NULL,NULL,NULL,'206C',21,'Dr',NULL,0,NULL,NULL,146,57,'\0',NULL,NULL),(59,0,NULL,NULL,'\0',NULL,NULL,NULL,NULL,NULL,NULL,5,NULL,0,NULL,'2015-08-22 10:40:40',NULL,NULL,NULL,NULL,NULL,'\0','\0','\0','\0','\0','\0','2015-08-22 10:40:40',4,NULL,'\0',NULL,NULL,'Anita Khollam','\0',NULL,NULL,'0.00',NULL,0,0,NULL,'\0',NULL,NULL,NULL,'206C',NULL,'Dr',NULL,0,NULL,NULL,146,58,'\0',NULL,NULL),(60,0,NULL,NULL,'\0',NULL,NULL,NULL,NULL,NULL,NULL,5,NULL,0,NULL,'2015-08-22 10:41:12',NULL,NULL,NULL,NULL,NULL,'\0','\0','\0','\0','\0','\0','2015-08-22 10:41:12',4,NULL,'\0',NULL,NULL,'Furnitute','\0',NULL,NULL,'0.00',NULL,0,0,NULL,'\0',NULL,NULL,NULL,'206C',NULL,'Dr',NULL,0,NULL,NULL,141,59,'\0',NULL,NULL),(61,0,NULL,NULL,'\0',NULL,NULL,NULL,NULL,NULL,NULL,5,NULL,0,NULL,'2015-08-22 10:41:32',NULL,NULL,NULL,NULL,NULL,'\0','\0','\0','\0','\0','\0','2015-08-22 10:41:32',4,NULL,'\0',NULL,NULL,'Plant & Machhinery','\0',NULL,NULL,'0.00',NULL,0,0,NULL,'\0',NULL,NULL,NULL,'206C',NULL,'Dr',NULL,0,NULL,NULL,141,60,'\0',NULL,NULL),(62,0,NULL,NULL,'\0',NULL,NULL,NULL,NULL,NULL,NULL,5,NULL,0,NULL,'2015-08-22 10:41:52',NULL,NULL,NULL,NULL,NULL,'\0','\0','\0','\0','\0','\0','2015-08-22 10:41:52',4,NULL,'\0',NULL,NULL,'Land','\0',NULL,NULL,'0.00',NULL,0,0,NULL,'\0',NULL,NULL,NULL,'206C',NULL,'Dr',NULL,0,NULL,NULL,141,61,'\0',NULL,NULL),(63,0,NULL,NULL,'\0',NULL,NULL,NULL,NULL,NULL,NULL,5,NULL,0,NULL,'2015-08-22 10:42:28',NULL,NULL,NULL,NULL,NULL,'\0','\0','\0','\0','\0','\0','2015-08-22 10:42:28',4,NULL,'\0',NULL,NULL,'Sales 5%','\0',NULL,NULL,'0.00',NULL,0,0,NULL,'\0',NULL,NULL,NULL,'206C',NULL,'Dr',NULL,0,NULL,NULL,154,62,'\0',NULL,NULL),(64,0,NULL,NULL,'\0',NULL,NULL,NULL,NULL,NULL,NULL,5,NULL,0,NULL,'2015-08-22 10:42:52',NULL,NULL,NULL,NULL,NULL,'\0','\0','\0','\0','\0','\0','2015-08-22 10:42:52',4,NULL,'\0',NULL,NULL,'Sales 12.50%','\0',NULL,NULL,'0.00',NULL,0,0,NULL,'\0',NULL,NULL,NULL,'206C',NULL,'Dr',NULL,0,NULL,NULL,154,63,'\0',NULL,NULL),(65,1,NULL,NULL,'\0',NULL,NULL,NULL,NULL,NULL,NULL,5,NULL,0,NULL,'2015-08-22 10:43:11',NULL,NULL,NULL,NULL,NULL,'\0','\0','\0','\0','\0','\0','2015-08-22 12:37:44',4,NULL,'\0',NULL,NULL,'Purchases 5%','\0',NULL,NULL,'0.00',NULL,0,0,NULL,'\0',NULL,NULL,NULL,'206C',NULL,'Dr',NULL,0,NULL,NULL,151,64,'\0','null',NULL),(66,1,NULL,NULL,'\0',NULL,NULL,NULL,NULL,NULL,NULL,5,NULL,0,NULL,'2015-08-22 10:43:32',NULL,NULL,NULL,NULL,NULL,'\0','\0','\0','\0','\0','\0','2015-08-22 12:37:21',4,NULL,'\0',NULL,NULL,'Purchases 12.50%','\0',NULL,NULL,'0.00',NULL,0,0,NULL,'\0',NULL,NULL,NULL,'206C',NULL,'Dr',NULL,0,NULL,NULL,151,65,'\0','null',NULL),(67,0,NULL,NULL,'\0',NULL,'5',NULL,NULL,NULL,NULL,5,NULL,0,NULL,'2015-08-22 10:52:18',NULL,250,NULL,NULL,NULL,'\0','\0','\0','\0','\0','\0','2015-08-22 10:52:18',4,NULL,'\0',51,NULL,'Vat on SAles 5%','\0',NULL,NULL,'0.00',NULL,0,5,NULL,'\0',NULL,NULL,NULL,'206C',NULL,'Dr',NULL,0,NULL,6,168,66,'\0',NULL,NULL),(68,0,NULL,NULL,'\0',NULL,'12.5',NULL,NULL,NULL,NULL,5,NULL,0,NULL,'2015-08-22 10:53:16',NULL,248,NULL,NULL,NULL,'\0','\0','\0','\0','\0','\0','2015-08-22 10:53:16',4,NULL,'\0',51,NULL,'Vat on Sales 12.50%','\0',NULL,NULL,'0.00',NULL,0,12,NULL,'\0',NULL,NULL,NULL,'206C',NULL,'Dr',NULL,0,NULL,6,168,67,'\0',NULL,NULL),(69,0,NULL,NULL,'\0',NULL,NULL,NULL,NULL,NULL,NULL,5,NULL,0,NULL,'2015-08-22 10:54:29',NULL,NULL,NULL,NULL,NULL,'\0','\0','\0','\0','\0','\0','2015-08-22 10:54:29',4,NULL,'\0',51,NULL,'Vat On Purchase 5%','\0',NULL,NULL,'0.00',NULL,0,5,NULL,'\0',NULL,NULL,NULL,'206C',NULL,'Dr',NULL,0,NULL,6,168,68,'\0',NULL,NULL),(70,0,NULL,NULL,'\0',NULL,NULL,NULL,NULL,NULL,NULL,5,NULL,0,NULL,'2015-08-22 10:55:08',NULL,NULL,NULL,NULL,NULL,'\0','\0','\0','\0','\0','\0','2015-08-22 10:55:08',4,NULL,'\0',51,NULL,'Vat on Purchase 12.50%','\0',NULL,NULL,'0.00',NULL,0,12,NULL,'\0',NULL,NULL,NULL,'206C',NULL,'Dr',NULL,0,NULL,6,168,69,'\0',NULL,NULL),(71,0,NULL,NULL,'\0',NULL,NULL,NULL,NULL,NULL,NULL,5,NULL,0,NULL,'2015-08-22 10:55:45',NULL,NULL,NULL,NULL,NULL,'\0','\0','\0','\0','\0','\0','2015-08-22 10:55:45',4,NULL,'\0',NULL,NULL,'Repairs & Maintaince','\0',NULL,NULL,'0.00',NULL,0,0,NULL,'\0',NULL,NULL,NULL,'206C',NULL,'Dr',NULL,0,NULL,NULL,150,70,'\0',NULL,NULL),(72,0,NULL,NULL,'\0',NULL,NULL,NULL,NULL,NULL,NULL,5,NULL,0,NULL,'2015-08-22 10:56:29',NULL,NULL,NULL,NULL,NULL,'\0','\0','\0','\0','\0','\0','2015-08-22 10:56:29',4,NULL,'\0',NULL,NULL,'Purchase on Labour Charges','\0',NULL,NULL,'0.00',NULL,0,0,NULL,'\0',NULL,NULL,NULL,'206C',NULL,'Dr',NULL,0,NULL,NULL,165,71,'\0',NULL,NULL),(73,1,NULL,NULL,'\0',NULL,NULL,NULL,NULL,NULL,NULL,5,NULL,0,NULL,'2015-08-22 10:57:09',NULL,NULL,NULL,NULL,NULL,'\0','\0','\0','\0','\0','\0','2015-08-22 15:05:33',4,NULL,'\0',NULL,NULL,'Electricity Bill','\0',NULL,NULL,'0.00',NULL,0,0,NULL,'\0',NULL,NULL,NULL,'206C',NULL,'Dr',NULL,0,NULL,NULL,149,72,'\0','null',NULL),(74,0,NULL,NULL,'\0',NULL,NULL,NULL,NULL,NULL,NULL,5,NULL,0,NULL,'2015-08-22 10:57:30',NULL,NULL,NULL,NULL,NULL,'\0','\0','\0','\0','\0','\0','2015-08-22 10:57:30',4,NULL,'\0',NULL,NULL,'Telephone Exp.','\0',NULL,NULL,'0.00',NULL,0,0,NULL,'\0',NULL,NULL,NULL,'206C',NULL,'Dr',NULL,0,NULL,NULL,150,73,'\0',NULL,NULL),(75,0,NULL,NULL,'\0',NULL,NULL,NULL,NULL,NULL,NULL,5,NULL,0,NULL,'2015-08-22 10:57:54',NULL,NULL,NULL,NULL,NULL,'\0','\0','\0','\0','\0','\0','2015-08-22 10:57:54',4,NULL,'\0',NULL,NULL,'Audit Fees','\0',NULL,NULL,'0.00',NULL,0,0,NULL,'\0',NULL,NULL,NULL,'206C',NULL,'Dr',NULL,0,NULL,NULL,150,74,'\0',NULL,NULL),(76,0,NULL,NULL,'\0',NULL,NULL,NULL,NULL,NULL,NULL,5,NULL,0,NULL,'2015-08-22 10:58:12',NULL,NULL,NULL,NULL,NULL,'\0','\0','\0','\0','\0','\0','2015-08-22 10:58:12',4,NULL,'\0',NULL,NULL,'Travelling Exp.','\0',NULL,NULL,'0.00',NULL,0,0,NULL,'\0',NULL,NULL,NULL,'206C',NULL,'Dr',NULL,0,NULL,NULL,150,75,'\0',NULL,NULL),(77,0,NULL,NULL,'\0','pune',NULL,NULL,NULL,NULL,NULL,5,'Amar',30,'2789072429V','2015-08-22 11:00:55',NULL,NULL,'surya@gmai.com',NULL,NULL,'\0','\0','\0','\0','\0','\0','2015-08-22 11:00:55',4,'amar','',NULL,'9874561230','Surya Industries','\0',NULL,NULL,'0.00','AAMPPA3531R',0,0,'411012','\0',NULL,NULL,'2789072429V','206C',21,'Dr',NULL,0,'1234567890',NULL,160,76,'\0','AABCD1234MRF001',NULL),(78,0,NULL,NULL,'\0','Mumbai',NULL,NULL,NULL,NULL,NULL,5,NULL,45,'2789042529V','2015-08-22 11:03:18',NULL,NULL,NULL,NULL,NULL,'\0','\0','\0','\0','\0','\0','2015-08-22 11:03:18',4,'santosh','',NULL,NULL,'Prime Wires','\0',NULL,NULL,'0.00',NULL,0,0,NULL,'\0',NULL,NULL,'2789042529V','206C',21,'Dr',NULL,0,NULL,NULL,160,77,'\0','ABCED1234MFR001',NULL),(79,0,'Nimit Steels','1234563070','\0','Mumbai',NULL,'Mumbai',NULL,NULL,NULL,5,'Bala',45,'12345678901','2015-08-22 11:05:54',NULL,NULL,'nimit#gmail.com',NULL,'BKID1234001','\0','\0','\0','\0','\0','\0','2015-08-22 11:05:54',4,'Bala','',NULL,'1234567890','Nimit Steels','\0',NULL,NULL,'0.00','bdvpc3531V',0,0,'410001','\0',NULL,NULL,'12345678901','206C',21,'Dr',NULL,0,'02226810992',NULL,166,78,'\0','AAACD0212MFR001',NULL),(80,0,'Jenil Steels','12345678900001','\0','Mumbai',NULL,'Mumbai',NULL,NULL,NULL,5,'Vijay',30,'27810992101V','2015-08-22 11:08:38',NULL,NULL,'jenitsttles@gmial.com',NULL,'UKBD01232','\0','\0','\0','\0','\0','\0','2015-08-22 11:08:38',4,'Vijay','',NULL,'7894561230','Jenit Steels','\0',NULL,NULL,'0.00','ABCDE1234M',0,0,'411001','\0',NULL,NULL,'27810992101V','206C',20,'Dr',NULL,0,'022-26810992',NULL,166,79,'\0',NULL,NULL),(81,0,'YOGI WIRES PVT. LTD.','1234567890123456','\0','PUNE',NULL,'Kasarwadi',NULL,NULL,NULL,5,'PUNAM',0,NULL,'2015-08-22 11:17:01',NULL,NULL,'punam.sahu@unionbank.com',NULL,'UBIO12340001','\0','\0','\0','\0','\0','\0','2015-08-22 11:17:01',4,'PUNAM','\0',NULL,'7276422102','Union Bank','\0',NULL,NULL,'0.00',NULL,0,0,'412001','\0','2015-04-01',NULL,NULL,'206C',21,'Dr',NULL,0,'020-1234567',NULL,155,80,'\0',NULL,NULL),(82,0,NULL,NULL,'\0',NULL,NULL,NULL,NULL,NULL,NULL,5,NULL,10,NULL,'2015-08-22 11:45:43',NULL,NULL,NULL,NULL,NULL,'\0','\0','\0','\0','\0','\0','2015-08-22 11:45:43',4,NULL,'',NULL,NULL,'mahesh','\0',NULL,NULL,'0.00',NULL,0,0,NULL,'\0',NULL,NULL,'12345668789','206C',NULL,'Dr',NULL,0,NULL,NULL,166,81,'\0',NULL,NULL),(83,0,NULL,NULL,'\0',NULL,NULL,NULL,NULL,NULL,NULL,5,NULL,0,NULL,'2015-08-22 12:40:43',NULL,33,NULL,NULL,NULL,'\0','\0','\0','\0','\0','\0','2015-08-22 12:40:43',4,NULL,'\0',42,NULL,'Excise Duty on Purchase','\0',NULL,NULL,'0.00',NULL,0,12,NULL,'\0',NULL,NULL,NULL,'206C',NULL,'Dr',NULL,0,NULL,5,169,82,'\0',NULL,NULL),(84,0,NULL,NULL,'\0',NULL,NULL,NULL,NULL,NULL,NULL,5,NULL,0,NULL,'2015-08-22 12:41:42',NULL,29,NULL,NULL,NULL,'\0','\0','\0','\0','\0','\0','2015-08-22 12:41:42',4,NULL,'\0',NULL,NULL,'Additional Duty','\0',NULL,NULL,'0.00',NULL,0,0,NULL,'\0',NULL,NULL,NULL,'206C',NULL,'Dr',NULL,0,NULL,5,169,83,'\0',NULL,NULL),(85,0,NULL,NULL,'\0',NULL,NULL,NULL,NULL,NULL,NULL,5,NULL,0,NULL,'2015-08-22 12:42:55',NULL,33,NULL,NULL,NULL,'\0','\0','\0','\0','\0','\0','2015-08-22 12:42:55',4,NULL,'\0',42,NULL,'Excise Duty on Sales 12.50%','\0',NULL,NULL,'0.00',NULL,0,12,NULL,'\0',NULL,NULL,NULL,'206C',NULL,'Dr',NULL,0,NULL,5,169,84,'\0',NULL,NULL),(86,1,NULL,NULL,'\0',NULL,NULL,NULL,NULL,NULL,NULL,5,NULL,0,NULL,'2015-08-22 14:15:27',NULL,NULL,NULL,NULL,NULL,'\0','\0','\0','\0','\0','\0','2015-08-22 14:18:59',4,NULL,'\0',NULL,NULL,'Transportation paid on Sales','\0',NULL,NULL,'0.00',NULL,0,0,NULL,'\0',NULL,NULL,NULL,'206C',NULL,'Dr',NULL,0,NULL,NULL,154,85,'\0','null',NULL),(87,0,NULL,NULL,'\0',NULL,NULL,NULL,NULL,NULL,NULL,5,NULL,0,NULL,'2015-08-22 15:09:42',NULL,NULL,NULL,NULL,NULL,'\0','\0','\0','\0','\0','\0','2015-08-22 15:09:42',4,NULL,'',NULL,NULL,'Vijay Enterprises','\0',NULL,NULL,'0.00',NULL,0,0,NULL,'\0',NULL,NULL,NULL,'206C',NULL,'Dr',NULL,0,NULL,NULL,166,86,'\0',NULL,NULL),(88,0,NULL,NULL,'\0',NULL,NULL,NULL,NULL,NULL,NULL,5,NULL,0,NULL,'2015-08-22 15:11:46',NULL,NULL,NULL,NULL,NULL,'\0','\0','\0','\0','\0','\0','2015-08-22 15:11:46',4,NULL,'\0',NULL,NULL,'Depreciation on Plant & Machinery','\0',NULL,NULL,'0.00',NULL,0,0,NULL,'\0',NULL,NULL,NULL,'206C',NULL,'Dr',NULL,0,NULL,NULL,150,87,'\0',NULL,NULL),(89,0,NULL,NULL,'\0',NULL,NULL,NULL,NULL,NULL,NULL,5,NULL,0,NULL,'2015-08-22 15:13:12',NULL,NULL,NULL,NULL,NULL,'\0','\0','\0','\0','\0','\0','2015-08-22 15:13:12',4,NULL,'',NULL,NULL,'Yogesh Enterprises','\0',NULL,NULL,'0.00',NULL,0,0,NULL,'\0',NULL,NULL,NULL,'206C',NULL,'Dr',NULL,0,NULL,NULL,166,88,'\0',NULL,NULL),(90,1,NULL,NULL,'\0',NULL,NULL,NULL,NULL,NULL,NULL,5,NULL,0,NULL,'2015-08-22 15:36:40',NULL,NULL,NULL,NULL,NULL,'\0','\0','\0','\0','\0','\0','2015-08-22 17:30:42',4,NULL,'\0',NULL,NULL,'PRAFUL VORA','\0',NULL,NULL,'0.00',NULL,0,0,NULL,'\0',NULL,NULL,NULL,'206C',NULL,'Dr',NULL,0,NULL,NULL,147,89,'\0','null',NULL),(91,1,NULL,NULL,'\0',NULL,NULL,NULL,NULL,NULL,NULL,5,NULL,0,NULL,'2015-08-22 15:37:11',NULL,NULL,NULL,NULL,NULL,'\0','\0','\0','\0','\0','\0','2015-08-22 16:04:25',4,NULL,'\0',NULL,NULL,'Rent','\0',NULL,NULL,'0.00',NULL,0,0,NULL,'\0',NULL,NULL,NULL,'206C',NULL,'Dr',NULL,0,NULL,NULL,149,90,'\0','null',NULL),(92,0,NULL,NULL,'\0',NULL,NULL,NULL,NULL,NULL,NULL,5,NULL,0,NULL,'2015-08-22 15:38:28',NULL,180,NULL,NULL,NULL,'\0','\0','\0','\0','\0','\0','2015-08-22 15:38:28',4,NULL,'\0',NULL,NULL,'TDS on Contractor','\0',NULL,NULL,'0.00',NULL,0,0,NULL,'\0',NULL,NULL,NULL,'206C',NULL,'Dr',NULL,0,NULL,6,170,91,'\0',NULL,NULL),(93,0,NULL,NULL,'\0',NULL,NULL,NULL,NULL,NULL,NULL,5,NULL,0,NULL,'2015-08-22 15:39:05',NULL,NULL,NULL,NULL,NULL,'\0','\0','\0','\0','\0','\0','2015-08-22 15:39:05',4,NULL,'\0',NULL,NULL,'Tds on Profesion Fees','\0',NULL,NULL,'0.00',NULL,0,0,NULL,'\0',NULL,NULL,NULL,'206C',NULL,'Dr',NULL,0,NULL,6,170,92,'\0',NULL,NULL),(94,0,NULL,NULL,'\0',NULL,NULL,NULL,NULL,NULL,NULL,5,NULL,0,NULL,'2015-08-22 15:40:03',NULL,NULL,NULL,NULL,NULL,'\0','\0','\0','\0','\0','\0','2015-08-22 15:40:03',4,NULL,'\0',NULL,NULL,'Tds on Interest','\0',NULL,NULL,'0.00',NULL,0,0,NULL,'\0',NULL,NULL,NULL,'206C',NULL,'Dr',NULL,0,NULL,6,170,93,'\0',NULL,NULL),(95,0,NULL,NULL,'\0',NULL,NULL,NULL,NULL,NULL,NULL,5,NULL,0,NULL,'2015-08-22 15:40:34',NULL,NULL,NULL,NULL,NULL,'\0','\0','\0','\0','\0','\0','2015-08-22 15:40:34',4,NULL,'\0',NULL,NULL,'Tds on Commission','\0',NULL,NULL,'0.00',NULL,0,0,NULL,'\0',NULL,NULL,NULL,'206C',NULL,'Dr',NULL,0,NULL,6,170,94,'\0',NULL,NULL),(96,0,NULL,NULL,'\0',NULL,NULL,NULL,NULL,NULL,NULL,5,NULL,0,NULL,'2015-08-22 15:41:14',NULL,NULL,NULL,NULL,NULL,'\0','\0','\0','\0','\0','\0','2015-08-22 15:41:14',4,NULL,'\0',NULL,NULL,'Capital First','\0',NULL,NULL,'0.00',NULL,0,0,NULL,'\0',NULL,NULL,NULL,'206C',NULL,'Dr',NULL,0,NULL,NULL,161,95,'\0',NULL,NULL),(97,0,NULL,NULL,'\0',NULL,NULL,NULL,NULL,NULL,NULL,5,NULL,0,NULL,'2015-08-22 15:41:49',NULL,NULL,NULL,NULL,NULL,'\0','\0','\0','\0','\0','\0','2015-08-22 15:41:49',4,NULL,'\0',NULL,NULL,'Prashant Enterprises','\0',NULL,NULL,'0.00',NULL,0,0,NULL,'\0',NULL,NULL,NULL,'206C',NULL,'Dr',NULL,0,NULL,NULL,166,96,'\0',NULL,NULL),(98,0,NULL,NULL,'\0',NULL,NULL,NULL,NULL,NULL,NULL,5,NULL,0,NULL,'2015-08-22 15:42:19',NULL,NULL,NULL,NULL,NULL,'\0','\0','\0','\0','\0','\0','2015-08-22 15:42:19',4,NULL,'\0',NULL,NULL,'Salary','\0',NULL,NULL,'0.00',NULL,0,0,NULL,'\0',NULL,NULL,NULL,'206C',NULL,'Dr',NULL,0,NULL,NULL,150,97,'\0',NULL,NULL),(99,0,NULL,NULL,'\0',NULL,NULL,NULL,NULL,NULL,NULL,5,NULL,0,NULL,'2015-08-22 15:43:17',NULL,NULL,NULL,NULL,NULL,'\0','\0','\0','\0','\0','\0','2015-08-22 15:43:17',4,NULL,'\0',NULL,NULL,'Salary payble','\0',NULL,NULL,'0.00',NULL,0,0,NULL,'\0',NULL,NULL,NULL,'206C',NULL,'Dr',NULL,0,NULL,NULL,165,98,'\0',NULL,NULL),(100,0,NULL,NULL,'\0',NULL,NULL,NULL,NULL,NULL,NULL,5,NULL,0,NULL,'2015-08-22 15:44:55',NULL,NULL,NULL,NULL,NULL,'\0','\0','\0','\0','\0','\0','2015-08-22 15:44:55',4,NULL,'\0',NULL,NULL,'PT','\0',NULL,NULL,'0.00',NULL,0,0,NULL,'\0',NULL,NULL,NULL,'206C',NULL,'Dr',NULL,0,NULL,NULL,147,99,'\0',NULL,NULL),(101,0,NULL,NULL,'\0',NULL,NULL,NULL,NULL,NULL,NULL,5,NULL,0,NULL,'2015-08-22 15:45:53',NULL,NULL,NULL,NULL,NULL,'\0','\0','\0','\0','\0','\0','2015-08-22 15:45:53',4,NULL,'\0',NULL,NULL,'PF','\0',NULL,NULL,'0.00',NULL,0,0,NULL,'\0',NULL,NULL,NULL,'206C',NULL,'Dr',NULL,0,NULL,NULL,150,100,'\0',NULL,NULL),(102,0,NULL,NULL,'\0',NULL,NULL,NULL,NULL,NULL,NULL,5,NULL,0,NULL,'2015-08-22 15:48:51',NULL,NULL,NULL,NULL,NULL,'\0','\0','\0','\0','\0','\0','2015-08-22 15:48:51',4,NULL,'\0',NULL,NULL,'TDS on REnt','\0',NULL,NULL,'0.00',NULL,0,0,NULL,'\0',NULL,NULL,NULL,'206C',NULL,'Dr',NULL,0,NULL,6,170,101,'\0',NULL,NULL),(103,0,NULL,NULL,'\0',NULL,NULL,NULL,NULL,NULL,NULL,5,NULL,0,NULL,'2015-08-22 16:06:19',NULL,NULL,NULL,NULL,NULL,'\0','\0','\0','\0','\0','\0','2015-08-22 16:06:19',4,NULL,'\0',NULL,NULL,'Labour Charges Purchase','\0',NULL,NULL,'0.00',NULL,0,0,NULL,'\0',NULL,NULL,NULL,'206C',NULL,'Dr',NULL,0,NULL,NULL,151,102,'\0',NULL,NULL),(104,0,NULL,NULL,'\0',NULL,NULL,NULL,NULL,NULL,NULL,5,NULL,0,NULL,'2015-08-22 16:18:26',NULL,NULL,NULL,NULL,NULL,'\0','\0','\0','\0','\0','\0','2015-08-22 16:18:26',4,NULL,'\0',NULL,NULL,'brokarage on Commission','\0',NULL,NULL,'0.00',NULL,0,0,NULL,'\0',NULL,NULL,NULL,'206C',NULL,'Dr',NULL,0,NULL,NULL,150,103,'\0',NULL,NULL),(105,0,NULL,NULL,'\0',NULL,NULL,NULL,NULL,NULL,NULL,5,NULL,0,NULL,'2015-08-22 17:55:17',NULL,NULL,NULL,NULL,NULL,'\0','\0','\0','\0','\0','\0','2015-08-22 17:55:17',4,NULL,'\0',NULL,NULL,'Vat Payable','\0',NULL,NULL,'0.00',NULL,0,0,NULL,'\0',NULL,NULL,NULL,'206C',NULL,'Dr',NULL,0,NULL,NULL,165,104,'\0',NULL,NULL),(106,0,NULL,NULL,'\0',NULL,NULL,NULL,NULL,NULL,NULL,5,NULL,0,NULL,'2015-08-22 17:55:42',NULL,NULL,NULL,NULL,NULL,'\0','\0','\0','\0','\0','\0','2015-08-22 17:55:42',4,NULL,'\0',NULL,NULL,'excise payable','\0',NULL,NULL,'0.00',NULL,0,0,NULL,'\0',NULL,NULL,NULL,'206C',NULL,'Dr',NULL,0,NULL,NULL,165,105,'\0',NULL,NULL),(107,0,NULL,NULL,'\0',NULL,NULL,NULL,NULL,NULL,NULL,5,NULL,0,NULL,'2015-08-22 18:14:05',NULL,NULL,NULL,NULL,NULL,'\0','\0','\0','\0','\0','\0','2015-08-22 18:14:05',4,NULL,'\0',NULL,NULL,'excise duty payable','\0',NULL,NULL,'0.00',NULL,0,0,NULL,'\0',NULL,NULL,NULL,'206C',NULL,'Dr',NULL,0,NULL,NULL,165,106,'\0',NULL,NULL),(108,0,NULL,NULL,'\0','Pune',NULL,NULL,NULL,NULL,NULL,1,NULL,9,NULL,'2015-08-26 15:55:06',NULL,NULL,NULL,'1245-4567',NULL,'\0','\0','\0','\0','\0','\0','2015-08-26 15:55:06',1,NULL,'\0',NULL,NULL,'Yogi Systems','\0',NULL,NULL,'0.00',NULL,0,0,NULL,'\0',NULL,NULL,NULL,NULL,NULL,'Dr',NULL,0,'9890937123',NULL,1,107,'\0',NULL,NULL),(109,0,NULL,NULL,'\0','Pune',NULL,NULL,NULL,NULL,NULL,1,NULL,9,NULL,'2015-08-26 15:56:02',NULL,NULL,NULL,'1245-4567',NULL,'\0','\0','\0','\0','\0','\0','2015-08-26 15:56:02',1,NULL,'\0',NULL,NULL,'Yogi Systems','\0',NULL,NULL,'0.00',NULL,0,0,NULL,'\0',NULL,NULL,NULL,NULL,NULL,'Dr',NULL,0,'9890937123',NULL,1,108,'\0',NULL,NULL),(110,0,NULL,NULL,'\0','Pune',NULL,NULL,NULL,NULL,NULL,1,NULL,9,NULL,'2015-08-26 15:56:20',NULL,NULL,NULL,'1245-4567',NULL,'\0','\0','\0','\0','\0','\0','2015-08-26 15:56:20',1,NULL,'\0',NULL,NULL,'Yogi Systems','\0',NULL,NULL,'0.00',NULL,0,0,NULL,'\0',NULL,NULL,NULL,NULL,NULL,'Dr',NULL,0,'9890937123',NULL,1,109,'\0',NULL,NULL),(111,0,NULL,NULL,'\0','Pune',NULL,NULL,NULL,NULL,NULL,1,NULL,9,NULL,'2015-08-26 16:07:13',NULL,NULL,NULL,'1245-4567',NULL,'\0','\0','\0','\0','\0','\0','2015-08-26 16:07:13',1,NULL,'\0',NULL,NULL,'Yogi Systems','\0',NULL,NULL,'0.00',NULL,0,0,NULL,'\0',NULL,NULL,NULL,NULL,NULL,'Dr',NULL,0,'9890937123',NULL,1,110,'\0',NULL,NULL),(112,0,NULL,NULL,'\0','Pune',NULL,NULL,NULL,NULL,NULL,1,NULL,9,NULL,'2015-08-26 16:09:08',NULL,NULL,NULL,'1245-4567',NULL,'\0','\0','\0','\0','\0','\0','2015-08-26 16:09:08',1,NULL,'\0',NULL,NULL,'Yogi Systems','\0',NULL,NULL,'0.00',NULL,0,0,NULL,'\0',NULL,NULL,NULL,NULL,NULL,'Dr',NULL,0,'9890937123',NULL,1,111,'\0',NULL,NULL),(113,0,NULL,NULL,'\0','Pune',NULL,NULL,NULL,NULL,NULL,1,NULL,9,NULL,'2015-08-26 16:11:20',NULL,NULL,NULL,'1245-4567',NULL,'\0','\0','\0','\0','\0','\0','2015-08-26 16:11:20',1,NULL,'\0',NULL,NULL,'Yogi Systems','\0',NULL,NULL,'0.00',NULL,0,0,NULL,'\0',NULL,NULL,NULL,NULL,NULL,'Dr',NULL,0,'9890937123',NULL,1,112,'\0',NULL,NULL),(114,0,NULL,NULL,'\0','Pune',NULL,NULL,NULL,NULL,NULL,1,NULL,9,NULL,'2015-08-26 16:11:22',NULL,NULL,NULL,'1245-4567',NULL,'\0','\0','\0','\0','\0','\0','2015-08-26 16:11:22',1,NULL,'\0',NULL,NULL,'Yogi Systems','\0',NULL,NULL,'0.00',NULL,0,0,NULL,'\0',NULL,NULL,NULL,NULL,NULL,'Dr',NULL,0,'9890937123',NULL,1,113,'\0',NULL,NULL),(115,0,NULL,NULL,'\0','Pune',NULL,NULL,NULL,NULL,NULL,1,NULL,9,NULL,'2015-08-26 16:15:11',NULL,NULL,NULL,'1245-4567',NULL,'\0','\0','\0','\0','\0','\0','2015-08-26 16:15:11',1,NULL,'\0',NULL,NULL,'Yogi Systems','\0',NULL,NULL,'0.00',NULL,0,0,NULL,'\0',NULL,NULL,NULL,NULL,NULL,'Dr',NULL,0,'9890937123',NULL,1,114,'\0',NULL,NULL),(116,0,NULL,NULL,'\0','Pune',NULL,NULL,NULL,NULL,NULL,1,NULL,9,NULL,'2015-08-26 16:15:13',NULL,NULL,NULL,'1245-4567',NULL,'\0','\0','\0','\0','\0','\0','2015-08-26 16:15:13',1,NULL,'\0',NULL,NULL,'Yogi Systems','\0',NULL,NULL,'0.00',NULL,0,0,NULL,'\0',NULL,NULL,NULL,NULL,NULL,'Dr',NULL,0,'9890937123',NULL,1,115,'\0',NULL,NULL),(117,0,NULL,NULL,'\0','Pune',NULL,NULL,NULL,NULL,NULL,1,NULL,9,NULL,'2015-08-26 16:22:21',NULL,NULL,NULL,'1245-4567',NULL,'\0','\0','\0','\0','\0','\0','2015-08-26 16:22:21',1,NULL,'\0',NULL,NULL,'Yogi Systems','\0',NULL,NULL,'0.00',NULL,0,0,NULL,'\0',NULL,NULL,NULL,NULL,NULL,'Dr',NULL,0,'9890937123',NULL,1,116,'\0',NULL,NULL),(118,0,NULL,NULL,'\0','Pune',NULL,NULL,NULL,NULL,NULL,1,NULL,9,NULL,'2015-08-26 16:22:25',NULL,NULL,NULL,'1245-4567',NULL,'\0','\0','\0','\0','\0','\0','2015-08-26 16:22:25',1,NULL,'\0',NULL,NULL,'Yogi Systems','\0',NULL,NULL,'0.00',NULL,0,0,NULL,'\0',NULL,NULL,NULL,NULL,NULL,'Dr',NULL,0,'9890937123',NULL,1,117,'\0',NULL,NULL),(119,0,NULL,NULL,'\0','Pune',NULL,NULL,NULL,NULL,NULL,1,NULL,9,NULL,'2015-08-26 17:13:10',NULL,NULL,NULL,'1245-4567',NULL,'\0','\0','\0','\0','\0','\0','2015-08-26 17:13:10',1,NULL,'\0',NULL,NULL,'Yogi Systems','\0',NULL,NULL,'0.00',NULL,0,0,NULL,'\0',NULL,NULL,NULL,NULL,NULL,'Dr',NULL,0,'9890937123',NULL,1,118,'\0',NULL,NULL),(120,0,NULL,NULL,'\0','Pune',NULL,NULL,NULL,NULL,NULL,1,NULL,9,NULL,'2015-08-26 17:13:12',NULL,NULL,NULL,'1245-4567',NULL,'\0','\0','\0','\0','\0','\0','2015-08-26 17:13:12',1,NULL,'\0',NULL,NULL,'Yogi Systems','\0',NULL,NULL,'0.00',NULL,0,0,NULL,'\0',NULL,NULL,NULL,NULL,NULL,'Dr',NULL,0,'9890937123',NULL,1,119,'\0',NULL,NULL),(121,0,NULL,NULL,'\0','Pune',NULL,NULL,NULL,NULL,NULL,1,NULL,9,NULL,'2015-08-26 17:15:14',NULL,NULL,NULL,'1245-4567',NULL,'\0','\0','\0','\0','\0','\0','2015-08-26 17:15:14',1,NULL,'\0',NULL,NULL,'Yogi Systems','\0',NULL,NULL,'0.00',NULL,0,0,NULL,'\0',NULL,NULL,NULL,NULL,NULL,'Dr',NULL,0,'9890937123',NULL,1,120,'\0',NULL,NULL),(122,0,NULL,NULL,'\0','Pune',NULL,NULL,NULL,NULL,NULL,1,NULL,9,NULL,'2015-08-26 17:15:18',NULL,NULL,NULL,'1245-4567',NULL,'\0','\0','\0','\0','\0','\0','2015-08-26 17:15:18',1,NULL,'\0',NULL,NULL,'Yogi Systems','\0',NULL,NULL,'0.00',NULL,0,0,NULL,'\0',NULL,NULL,NULL,NULL,NULL,'Dr',NULL,0,'9890937123',NULL,1,121,'\0',NULL,NULL),(123,0,NULL,NULL,'\0','Pune',NULL,NULL,NULL,NULL,NULL,1,NULL,9,NULL,'2015-08-26 17:37:35',NULL,NULL,NULL,'1245-4567',NULL,'\0','\0','\0','\0','\0','\0','2015-08-26 17:37:35',1,NULL,'\0',NULL,NULL,'Yogi Systems','\0',NULL,NULL,'0.00',NULL,0,0,NULL,'\0',NULL,NULL,NULL,NULL,NULL,'Dr',NULL,0,'9890937123',NULL,1,122,'\0',NULL,NULL),(124,0,NULL,NULL,'\0','Pune',NULL,NULL,NULL,NULL,NULL,1,NULL,9,NULL,'2015-08-26 17:37:36',NULL,NULL,NULL,'1245-4567',NULL,'\0','\0','\0','\0','\0','\0','2015-08-26 17:37:36',1,NULL,'\0',NULL,NULL,'Yogi Systems','\0',NULL,NULL,'0.00',NULL,0,0,NULL,'\0',NULL,NULL,NULL,NULL,NULL,'Dr',NULL,0,'9890937123',NULL,1,123,'\0',NULL,NULL),(125,1,NULL,NULL,'\0',NULL,NULL,NULL,NULL,NULL,NULL,6,NULL,0,NULL,'2015-09-04 11:46:42',NULL,NULL,NULL,NULL,NULL,'\0','\0','\0','\0','\0','\0','2015-09-14 18:20:18',4,NULL,'\0',NULL,NULL,'Cash','\0',NULL,NULL,'0.00',NULL,0,0,NULL,'\0',NULL,NULL,NULL,NULL,NULL,'Dr',NULL,0,NULL,NULL,193,124,'\0','null',NULL),(126,0,NULL,NULL,'\0',NULL,NULL,NULL,NULL,NULL,NULL,6,NULL,0,NULL,'2015-09-04 11:46:42',NULL,NULL,NULL,NULL,NULL,'\0','\0','\0','\0','\0','\0','2015-09-04 11:46:42',4,NULL,'\0',NULL,NULL,'Profit & Loss A/c','\0',NULL,NULL,'0.00',NULL,0,0,NULL,'\0',NULL,NULL,NULL,NULL,NULL,'Dr',NULL,0,NULL,NULL,1,125,'\0',NULL,NULL),(127,0,NULL,NULL,'\0',NULL,NULL,NULL,NULL,NULL,NULL,5,NULL,0,NULL,'2015-09-10 15:06:47',NULL,NULL,NULL,NULL,NULL,'\0','\0','\0','\0','\0','\0','2015-09-10 15:06:47',4,NULL,'\0',NULL,NULL,'awe','\0',NULL,NULL,'0.00',NULL,0,0,NULL,'\0','2015-09-10',NULL,NULL,'206C',NULL,'Dr',NULL,0,NULL,NULL,155,126,'\0',NULL,NULL),(128,0,NULL,NULL,'\0',NULL,'erter',NULL,NULL,NULL,NULL,5,NULL,0,NULL,'2015-09-12 12:32:25',NULL,NULL,NULL,NULL,NULL,'\0','\0','\0','\0','\0','\0','2015-09-12 12:32:25',4,NULL,'\0',NULL,NULL,'tertr','\0','ert',NULL,'0.00',NULL,0,0,NULL,'\0',NULL,NULL,NULL,'206C',NULL,'Dr',NULL,0,NULL,NULL,146,127,'\0',NULL,NULL),(129,0,NULL,NULL,'\0',NULL,NULL,NULL,NULL,NULL,NULL,5,NULL,0,NULL,'2015-09-12 12:49:02',NULL,NULL,NULL,NULL,NULL,'\0','\0','\0','\0','\0','\0','2015-09-12 12:49:02',4,NULL,'\0',NULL,NULL,'default','\0',NULL,NULL,'0.00',NULL,0,0,NULL,'\0',NULL,NULL,NULL,NULL,NULL,'Dr',NULL,0,NULL,NULL,160,128,'\0',NULL,NULL),(130,0,NULL,NULL,'\0',NULL,NULL,NULL,NULL,NULL,NULL,5,NULL,0,NULL,'2015-09-12 13:01:06',NULL,NULL,NULL,NULL,NULL,'\0','\0','\0','\0','\0','\0','2015-09-12 13:01:06',4,NULL,'\0',NULL,NULL,'testL','\0',NULL,NULL,'0.00',NULL,0,0,NULL,'\0',NULL,NULL,NULL,'206C',NULL,'Dr',NULL,0,NULL,NULL,160,129,'\0',NULL,NULL),(131,0,NULL,NULL,'\0',NULL,NULL,NULL,NULL,NULL,NULL,6,NULL,0,NULL,'2015-09-14 14:51:27',NULL,NULL,NULL,NULL,NULL,'\0','\0','\0','\0','\0','\0','2015-09-14 14:51:27',5,NULL,'\0',NULL,NULL,'Pradip Khollam Capital Account','\0',NULL,NULL,'0.00',NULL,0,0,NULL,'\0',NULL,NULL,NULL,'206C',NULL,'Cr',NULL,0,NULL,NULL,183,130,'\0',NULL,NULL),(132,0,NULL,NULL,'\0',NULL,NULL,NULL,NULL,NULL,NULL,6,NULL,0,NULL,'2015-09-14 14:52:13',NULL,NULL,NULL,NULL,NULL,'\0','\0','\0','\0','\0','\0','2015-09-14 14:52:13',5,NULL,'\0',NULL,NULL,'Anita Pradip Khollam Capital Account','\0',NULL,NULL,'0.00',NULL,0,0,NULL,'\0',NULL,NULL,NULL,'206C',NULL,'Cr',NULL,0,NULL,NULL,183,131,'\0',NULL,NULL),(133,1,NULL,NULL,'\0',NULL,NULL,NULL,NULL,NULL,NULL,6,NULL,0,NULL,'2015-09-14 14:53:09',NULL,NULL,NULL,NULL,NULL,'\0','\0','\0','\0','\0','\0','2015-09-14 16:04:49',5,NULL,'\0',NULL,NULL,'Salary Payable','\0',NULL,NULL,'0.00',NULL,0,0,NULL,'\0',NULL,NULL,NULL,'206C',NULL,'Dr',NULL,0,NULL,NULL,202,132,'\0','null',NULL),(134,0,NULL,NULL,'\0',NULL,NULL,NULL,NULL,NULL,NULL,6,NULL,0,NULL,'2015-09-14 14:53:50',NULL,NULL,NULL,NULL,NULL,'\0','\0','\0','\0','\0','\0','2015-09-14 14:53:50',5,NULL,'\0',NULL,NULL,'Salary Paid','\0',NULL,NULL,'0.00',NULL,0,0,NULL,'\0',NULL,NULL,NULL,'206C',NULL,'Dr',NULL,0,NULL,NULL,187,133,'\0',NULL,NULL),(135,1,NULL,NULL,'\0',NULL,NULL,NULL,NULL,NULL,NULL,6,NULL,0,NULL,'2015-09-14 14:57:39',NULL,NULL,NULL,NULL,NULL,'\0','\0','\0','\0','\0','\0','2015-09-14 14:58:02',5,NULL,'\0',NULL,NULL,'Purchase Accounts 12.50','\0',NULL,NULL,'0.00',NULL,0,0,NULL,'\0',NULL,NULL,NULL,'206C',NULL,'Dr',NULL,0,NULL,NULL,188,134,'\0','null',NULL),(136,0,NULL,NULL,'\0',NULL,NULL,NULL,NULL,NULL,NULL,6,NULL,0,NULL,'2015-09-14 14:58:43',NULL,NULL,NULL,NULL,NULL,'\0','\0','\0','\0','\0','\0','2015-09-14 14:58:43',5,NULL,'\0',NULL,NULL,'Purchase Accounts 5%','\0',NULL,NULL,'0.00',NULL,0,0,NULL,'\0',NULL,NULL,NULL,'206C',NULL,'Dr',NULL,0,NULL,NULL,188,135,'\0',NULL,NULL),(137,0,NULL,NULL,'\0',NULL,NULL,NULL,NULL,NULL,NULL,6,NULL,0,NULL,'2015-09-14 14:59:15',NULL,NULL,NULL,NULL,NULL,'\0','\0','\0','\0','\0','\0','2015-09-14 14:59:15',5,NULL,'\0',NULL,NULL,'URD Purchase','\0',NULL,NULL,'0.00',NULL,0,0,NULL,'\0',NULL,NULL,NULL,'206C',NULL,'Dr',NULL,0,NULL,NULL,188,136,'\0',NULL,NULL),(138,1,NULL,NULL,'\0',NULL,NULL,NULL,NULL,NULL,NULL,6,NULL,0,NULL,'2015-09-14 15:02:25',NULL,243,NULL,NULL,NULL,'\0','\0','\0','\0','\0','\0','2015-09-14 15:05:07',5,NULL,'\0',NULL,NULL,'Vat on Purchase 12.50%','\0',NULL,NULL,'0.00',NULL,0,0,NULL,'\0',NULL,NULL,NULL,'206C',NULL,'Dr',NULL,0,NULL,7,207,137,'\0','null',NULL),(139,0,NULL,NULL,'\0',NULL,NULL,NULL,NULL,NULL,NULL,6,NULL,0,NULL,'2015-09-14 15:05:49',NULL,245,NULL,NULL,NULL,'\0','\0','\0','\0','\0','\0','2015-09-14 15:05:49',5,NULL,'\0',NULL,NULL,'Vat On Purchase 5%','\0',NULL,NULL,'0.00',NULL,0,0,NULL,'\0',NULL,NULL,NULL,'206C',NULL,'Dr',NULL,0,NULL,7,207,138,'\0',NULL,NULL),(140,0,NULL,NULL,'\0',NULL,NULL,NULL,NULL,NULL,NULL,6,NULL,0,NULL,'2015-09-14 15:06:33',NULL,NULL,NULL,NULL,NULL,'\0','\0','\0','\0','\0','\0','2015-09-14 15:06:33',5,NULL,'\0',NULL,NULL,'Repairs and Maintaince','\0',NULL,NULL,'0.00',NULL,0,0,NULL,'\0',NULL,NULL,NULL,'206C',NULL,'Dr',NULL,0,NULL,NULL,187,139,'\0',NULL,NULL),(141,0,NULL,NULL,'\0',NULL,NULL,NULL,NULL,NULL,NULL,6,NULL,0,NULL,'2015-09-14 15:07:34',NULL,245,NULL,NULL,NULL,'\0','\0','\0','\0','\0','\0','2015-09-14 15:07:34',5,NULL,'\0',NULL,NULL,'Vat on Expenses 5%','\0',NULL,NULL,'0.00',NULL,0,0,NULL,'\0',NULL,NULL,NULL,'206C',NULL,'Dr',NULL,0,NULL,7,207,140,'\0',NULL,NULL),(142,0,NULL,NULL,'\0',NULL,NULL,NULL,NULL,NULL,NULL,6,NULL,0,NULL,'2015-09-14 15:08:25',NULL,243,NULL,NULL,NULL,'\0','\0','\0','\0','\0','\0','2015-09-14 15:08:25',5,NULL,'\0',NULL,NULL,'Vat on Expenses 12.50%','\0',NULL,NULL,'0.00',NULL,0,0,NULL,'\0',NULL,NULL,NULL,'206C',NULL,'Dr',NULL,0,NULL,7,207,141,'\0',NULL,NULL),(143,0,'Yogi Wires Pvt. Ltd.','Yogi Wires Pvt. Ltd.','\0','Pune',NULL,'Kasarwadi, Pune',NULL,NULL,NULL,6,'Pradip Khollam',0,NULL,'2015-09-14 15:11:00',NULL,NULL,NULL,NULL,'UBIN0000536','\0','\0','\0','\0','\0','\0','2015-09-14 15:11:00',5,'yogiwire@yahoo.com','\0',NULL,'9766622336','Uniona Bank Current Accounts','\0',NULL,NULL,'0.00',NULL,0,0,'411018','\0','2015-04-01',NULL,NULL,'206C',21,'Dr',NULL,0,NULL,NULL,192,142,'\0',NULL,NULL),(144,1,NULL,NULL,'\0',NULL,NULL,NULL,NULL,NULL,NULL,6,NULL,0,NULL,'2015-09-14 15:11:52',NULL,NULL,NULL,NULL,NULL,'\0','\0','\0','\0','\0','\0','2015-09-14 18:21:58',5,NULL,'\0',NULL,NULL,'Union Bank CC Account','\0',NULL,NULL,'0.00',NULL,0,0,NULL,'\0','2015-04-01',NULL,NULL,'206C',NULL,'Dr',NULL,0,NULL,NULL,192,143,'\0','null',NULL),(145,0,NULL,NULL,'\0',NULL,NULL,NULL,NULL,NULL,NULL,6,NULL,0,NULL,'2015-09-14 15:12:19',NULL,NULL,NULL,NULL,NULL,'\0','\0','\0','\0','\0','\0','2015-09-14 15:12:19',5,NULL,'\0',NULL,NULL,'Capital First','\0',NULL,NULL,'0.00',NULL,0,0,NULL,'\0',NULL,NULL,NULL,'206C',NULL,'Dr',NULL,0,NULL,NULL,198,144,'\0',NULL,NULL),(146,0,NULL,NULL,'\0',NULL,NULL,NULL,NULL,NULL,NULL,6,NULL,0,NULL,'2015-09-14 15:12:53',NULL,NULL,NULL,NULL,NULL,'\0','\0','\0','\0','\0','\0','2015-09-14 15:12:53',5,NULL,'\0',NULL,NULL,'Religare Finvest India Pvt. Ltd.','\0',NULL,NULL,'0.00',NULL,0,0,NULL,'\0',NULL,NULL,NULL,'206C',NULL,'Dr',NULL,0,NULL,NULL,198,145,'\0',NULL,NULL),(147,0,NULL,NULL,'\0',NULL,NULL,NULL,NULL,NULL,NULL,6,NULL,0,NULL,'2015-09-14 15:13:42',NULL,NULL,NULL,NULL,NULL,'\0','\0','\0','\0','\0','\0','2015-09-14 15:13:42',5,NULL,'\0',NULL,NULL,'Standared Charted Bank','\0',NULL,NULL,'0.00',NULL,0,0,NULL,'\0',NULL,NULL,NULL,'206C',NULL,'Dr',NULL,0,NULL,NULL,191,146,'\0',NULL,NULL),(148,0,NULL,NULL,'\0',NULL,NULL,NULL,NULL,NULL,NULL,6,NULL,0,NULL,'2015-09-14 15:14:09',NULL,NULL,NULL,NULL,NULL,'\0','\0','\0','\0','\0','\0','2015-09-14 15:14:09',5,NULL,'\0',NULL,NULL,'Interest On CC','\0',NULL,NULL,'0.00',NULL,0,0,NULL,'\0',NULL,NULL,NULL,'206C',NULL,'Dr',NULL,0,NULL,NULL,187,147,'\0',NULL,NULL),(149,0,NULL,NULL,'\0',NULL,NULL,NULL,NULL,NULL,NULL,6,NULL,0,NULL,'2015-09-14 15:14:55',NULL,NULL,NULL,NULL,NULL,'\0','\0','\0','\0','\0','\0','2015-09-14 15:14:55',5,NULL,'\0',NULL,NULL,'Interest on Others','\0',NULL,NULL,'0.00',NULL,0,0,NULL,'\0',NULL,NULL,NULL,'206C',NULL,'Dr',NULL,0,NULL,NULL,187,148,'\0',NULL,NULL),(150,1,NULL,NULL,'\0',NULL,NULL,NULL,NULL,NULL,NULL,6,NULL,45,NULL,'2015-09-14 15:17:21',NULL,NULL,NULL,NULL,NULL,'\0','\0','\0','\0','\0','\0','2015-09-14 17:11:20',5,NULL,'',NULL,NULL,'Jenil Steels Pvt. Ltd.','\0',NULL,NULL,'0.00',NULL,0,0,NULL,'\0',NULL,NULL,NULL,'206C',NULL,'Dr',NULL,0,NULL,NULL,214,149,'\0','null',NULL),(151,0,NULL,NULL,'\0',NULL,NULL,NULL,NULL,NULL,NULL,6,NULL,0,NULL,'2015-09-14 15:17:47',NULL,NULL,NULL,NULL,NULL,'\0','\0','\0','\0','\0','\0','2015-09-14 15:17:47',5,NULL,'\0',NULL,NULL,'Nimit Steels Pvt. Ltd.','\0',NULL,NULL,'0.00',NULL,0,0,NULL,'\0',NULL,NULL,NULL,'206C',NULL,'Dr',NULL,0,NULL,NULL,214,150,'\0',NULL,NULL),(152,0,NULL,NULL,'\0',NULL,NULL,NULL,NULL,NULL,NULL,6,NULL,0,NULL,'2015-09-14 15:18:19',NULL,NULL,NULL,NULL,NULL,'\0','\0','\0','\0','\0','\0','2015-09-14 15:18:19',5,NULL,'\0',NULL,NULL,'Standared Retails India Pvt. Ltd.','\0',NULL,NULL,'0.00',NULL,0,0,NULL,'\0',NULL,NULL,NULL,'206C',NULL,'Dr',NULL,0,NULL,NULL,214,151,'\0',NULL,NULL),(153,1,NULL,NULL,'\0',NULL,NULL,NULL,NULL,NULL,NULL,6,NULL,30,NULL,'2015-09-14 15:19:01',NULL,NULL,NULL,NULL,NULL,'\0','\0','\0','\0','\0','\0','2015-09-14 17:12:10',5,NULL,'',NULL,NULL,'Adwait Engineering','\0',NULL,NULL,'0.00',NULL,0,0,NULL,'\0',NULL,NULL,NULL,'206C',NULL,'Dr',NULL,0,NULL,NULL,210,152,'\0','null',NULL),(154,0,NULL,NULL,'\0',NULL,NULL,NULL,NULL,NULL,NULL,6,NULL,0,NULL,'2015-09-14 15:19:26',NULL,NULL,NULL,NULL,NULL,'\0','\0','\0','\0','\0','\0','2015-09-14 15:19:26',5,NULL,'\0',NULL,NULL,'Sneha Packaging','\0',NULL,NULL,'0.00',NULL,0,0,NULL,'\0',NULL,NULL,NULL,'206C',NULL,'Dr',NULL,0,NULL,NULL,209,153,'\0',NULL,NULL),(155,0,NULL,NULL,'\0',NULL,NULL,NULL,NULL,NULL,NULL,6,NULL,0,NULL,'2015-09-14 15:20:30',NULL,33,NULL,NULL,NULL,'\0','\0','\0','\0','\0','\0','2015-09-14 15:20:30',5,NULL,'\0',42,NULL,'Excise Duty on Purchase 12.50%','\0',NULL,NULL,'0.00',NULL,0,12,NULL,'\0',NULL,NULL,NULL,'206C',NULL,'Dr',NULL,0,NULL,5,206,154,'\0',NULL,NULL),(156,0,NULL,NULL,'\0',NULL,NULL,NULL,NULL,NULL,NULL,6,NULL,0,NULL,'2015-09-14 15:21:31',NULL,29,NULL,NULL,NULL,'\0','\0','\0','\0','\0','\0','2015-09-14 15:21:31',5,NULL,'\0',NULL,NULL,'Additional Duty','\0',NULL,NULL,'0.00',NULL,0,0,NULL,'\0',NULL,NULL,NULL,'206C',NULL,'Dr',NULL,0,NULL,5,206,155,'\0',NULL,NULL),(157,0,NULL,NULL,'\0',NULL,'Ed',NULL,NULL,NULL,NULL,6,NULL,0,NULL,'2015-09-14 15:22:32',NULL,33,NULL,NULL,NULL,'\0','\0','\0','\0','\0','\0','2015-09-14 15:22:32',5,NULL,'\0',42,NULL,'Excise Duty on Sales 12.50%','\0',NULL,NULL,'0.00',NULL,0,12,NULL,'\0',NULL,NULL,NULL,'206C',NULL,'Dr',NULL,0,NULL,5,206,156,'\0',NULL,NULL),(158,0,NULL,NULL,'\0',NULL,NULL,NULL,NULL,NULL,NULL,6,NULL,0,NULL,'2015-09-14 15:31:17',NULL,NULL,NULL,NULL,NULL,'\0','\0','\0','\0','\0','\0','2015-09-14 15:31:17',5,NULL,'\0',NULL,NULL,'Indu Corporatiom','\0',NULL,NULL,'0.00',NULL,0,0,NULL,'\0',NULL,NULL,NULL,'206C',NULL,'Dr',NULL,0,NULL,NULL,214,157,'\0',NULL,NULL),(159,0,NULL,NULL,'\0',NULL,NULL,NULL,NULL,NULL,NULL,6,NULL,0,NULL,'2015-09-14 15:36:17',NULL,NULL,NULL,NULL,NULL,'\0','\0','\0','\0','\0','\0','2015-09-14 15:36:17',5,NULL,'\0',NULL,NULL,'Shree Ahireshwar Transport','\0',NULL,NULL,'0.00',NULL,0,0,NULL,'\0',NULL,NULL,NULL,'206C',NULL,'Dr',NULL,0,NULL,NULL,212,158,'\0',NULL,NULL),(160,0,NULL,NULL,'\0',NULL,NULL,NULL,NULL,NULL,NULL,6,NULL,0,NULL,'2015-09-14 15:36:42',NULL,NULL,NULL,NULL,NULL,'\0','\0','\0','\0','\0','\0','2015-09-14 15:36:42',5,NULL,'\0',NULL,NULL,'Jay Kay Tools','\0',NULL,NULL,'0.00',NULL,0,0,NULL,'\0',NULL,NULL,NULL,'206C',NULL,'Dr',NULL,0,NULL,NULL,203,159,'\0',NULL,NULL),(161,0,NULL,NULL,'\0',NULL,NULL,NULL,NULL,NULL,NULL,6,NULL,0,NULL,'2015-09-14 15:37:10',NULL,NULL,NULL,NULL,NULL,'\0','\0','\0','\0','\0','\0','2015-09-14 15:37:10',5,NULL,'\0',NULL,NULL,'Plant & Machinery','\0',NULL,NULL,'0.00',NULL,0,0,NULL,'\0',NULL,NULL,NULL,'206C',NULL,'Dr',NULL,0,NULL,NULL,178,160,'\0',NULL,NULL),(162,0,NULL,NULL,'\0',NULL,NULL,NULL,NULL,NULL,NULL,6,NULL,0,NULL,'2015-09-14 15:37:36',NULL,NULL,NULL,NULL,NULL,'\0','\0','\0','\0','\0','\0','2015-09-14 15:37:36',5,NULL,'\0',NULL,NULL,'Furniture','\0',NULL,NULL,'0.00',NULL,0,0,NULL,'\0',NULL,NULL,NULL,'206C',NULL,'Dr',NULL,0,NULL,NULL,178,161,'\0',NULL,NULL),(163,0,NULL,NULL,'\0',NULL,NULL,NULL,NULL,NULL,NULL,6,NULL,0,NULL,'2015-09-14 15:38:02',NULL,NULL,NULL,NULL,NULL,'\0','\0','\0','\0','\0','\0','2015-09-14 15:38:02',5,NULL,'\0',NULL,NULL,'Building','\0',NULL,NULL,'0.00',NULL,0,0,NULL,'\0',NULL,NULL,NULL,'206C',NULL,'Dr',NULL,0,NULL,NULL,178,162,'\0',NULL,NULL),(164,1,NULL,NULL,'\0',NULL,NULL,NULL,NULL,NULL,NULL,6,NULL,0,NULL,'2015-09-14 15:38:36',NULL,NULL,NULL,NULL,NULL,'\0','\0','\0','\0','\0','\0','2015-09-14 19:37:52',5,NULL,'\0',NULL,NULL,'Rent','\0',NULL,NULL,'0.00',NULL,0,0,NULL,'\0',NULL,NULL,NULL,'206C',NULL,'Dr',NULL,0,NULL,NULL,186,163,'\0','null',NULL),(165,0,NULL,NULL,'\0',NULL,NULL,NULL,NULL,NULL,NULL,6,NULL,0,NULL,'2015-09-14 15:43:12',NULL,166,NULL,NULL,NULL,'\0','\0','\0','\0','\0','\0','2015-09-14 15:43:12',5,NULL,'\0',NULL,NULL,'Tds on Brokarege','\0',NULL,NULL,'0.00',NULL,0,0,NULL,'\0',NULL,NULL,NULL,'206C',NULL,'Dr',NULL,0,NULL,11,208,164,'\0',NULL,NULL),(166,1,NULL,NULL,'\0',NULL,NULL,NULL,NULL,NULL,NULL,6,NULL,30,NULL,'2015-09-14 15:43:43',NULL,NULL,NULL,NULL,NULL,'\0','\0','\0','\0','\0','\0','2015-09-14 19:08:17',5,NULL,'',NULL,NULL,'Prime Wire Manufaturing Ltd,','\0',NULL,NULL,'0.00',NULL,0,0,NULL,'\0',NULL,NULL,NULL,'206C',NULL,'Dr',NULL,0,NULL,NULL,211,165,'\0','null',NULL),(167,0,NULL,NULL,'\0',NULL,NULL,NULL,NULL,NULL,NULL,6,NULL,0,NULL,'2015-09-14 15:44:05',NULL,NULL,NULL,NULL,NULL,'\0','\0','\0','\0','\0','\0','2015-09-14 15:44:05',5,NULL,'\0',NULL,NULL,'Surya Industries','\0',NULL,NULL,'0.00',NULL,0,0,NULL,'\0',NULL,NULL,NULL,'206C',NULL,'Dr',NULL,0,NULL,NULL,210,166,'\0',NULL,NULL),(168,0,NULL,NULL,'\0',NULL,NULL,NULL,NULL,NULL,NULL,6,NULL,30,NULL,'2015-09-14 15:44:45',NULL,NULL,NULL,NULL,NULL,'\0','\0','\0','\0','\0','\0','2015-09-14 15:44:45',5,NULL,'',NULL,NULL,'Indiana Greating','\0',NULL,NULL,'0.00',NULL,0,0,NULL,'\0',NULL,NULL,NULL,'206C',NULL,'Dr',NULL,0,NULL,NULL,210,167,'\0',NULL,NULL),(169,1,NULL,NULL,'\0',NULL,NULL,NULL,NULL,NULL,NULL,6,NULL,30,NULL,'2015-09-14 15:46:04',NULL,NULL,NULL,NULL,NULL,'\0','\0','\0','\0','\0','\0','2015-09-14 17:13:10',5,NULL,'',NULL,NULL,'Ionisation Filtration','\0',NULL,NULL,'0.00',NULL,0,0,NULL,'\0',NULL,NULL,NULL,'206C',NULL,'Dr',NULL,0,NULL,NULL,210,168,'\0','null',NULL),(170,0,NULL,NULL,'\0',NULL,NULL,NULL,NULL,NULL,NULL,6,NULL,0,NULL,'2015-09-14 15:46:27',NULL,NULL,NULL,NULL,NULL,'\0','\0','\0','\0','\0','\0','2015-09-14 15:46:27',5,NULL,'\0',NULL,NULL,'Commission Paid','\0',NULL,NULL,'0.00',NULL,0,0,NULL,'\0',NULL,NULL,NULL,'206C',NULL,'Dr',NULL,0,NULL,NULL,187,169,'\0',NULL,NULL),(171,1,NULL,NULL,'\0',NULL,NULL,NULL,NULL,NULL,NULL,6,NULL,45,NULL,'2015-09-14 15:46:52',NULL,NULL,NULL,NULL,NULL,'\0','\0','\0','\0','\0','\0','2015-09-14 18:26:09',5,NULL,'',NULL,NULL,'Metro Engineering','\0',NULL,NULL,'0.00',NULL,0,0,NULL,'\0',NULL,NULL,NULL,'206C',NULL,'Dr',NULL,0,NULL,NULL,211,170,'\0','null',NULL),(172,1,NULL,NULL,'\0',NULL,NULL,NULL,NULL,NULL,NULL,6,NULL,0,NULL,'2015-09-14 15:47:23',NULL,NULL,NULL,NULL,NULL,'\0','\0','\0','\0','\0','\0','2015-09-14 15:48:21',5,NULL,'\0',NULL,NULL,'Star Industries','\0',NULL,NULL,'0.00',NULL,0,0,NULL,'\0',NULL,NULL,NULL,'206C',NULL,'Dr',NULL,0,NULL,NULL,211,171,'\0','null',NULL),(173,1,NULL,NULL,'\0',NULL,NULL,NULL,NULL,NULL,NULL,6,NULL,30,NULL,'2015-09-14 15:49:24',NULL,NULL,NULL,NULL,NULL,'\0','\0','\0','\0','\0','\0','2015-09-14 17:13:48',5,NULL,'',NULL,NULL,'S.K. Bright','\0',NULL,NULL,'0.00',NULL,0,0,NULL,'\0',NULL,NULL,NULL,'206C',NULL,'Dr',NULL,0,NULL,NULL,210,172,'\0','null',NULL),(174,1,NULL,NULL,'\0',NULL,NULL,NULL,NULL,NULL,NULL,6,NULL,0,NULL,'2015-09-14 15:49:55',NULL,NULL,NULL,NULL,NULL,'\0','\0','\0','\0','\0','\0','2015-09-14 17:11:44',5,NULL,'\0',NULL,NULL,'ARK Enterprises','\0',NULL,NULL,'0.00',NULL,0,0,NULL,'\0',NULL,NULL,NULL,'206C',NULL,'Dr',NULL,0,NULL,NULL,209,173,'\0','null',NULL),(175,0,NULL,NULL,'\0',NULL,NULL,NULL,NULL,NULL,NULL,6,NULL,0,NULL,'2015-09-14 15:50:40',NULL,NULL,NULL,NULL,NULL,'\0','\0','\0','\0','\0','\0','2015-09-14 15:50:40',5,NULL,'\0',NULL,NULL,'Prakash Corructed','\0',NULL,NULL,'0.00',NULL,0,0,NULL,'\0',NULL,NULL,NULL,'206C',NULL,'Dr',NULL,0,NULL,NULL,209,174,'\0',NULL,NULL),(176,0,NULL,NULL,'\0',NULL,NULL,NULL,NULL,NULL,NULL,6,NULL,0,NULL,'2015-09-14 15:51:33',NULL,NULL,NULL,NULL,NULL,'\0','\0','\0','\0','\0','\0','2015-09-14 15:51:33',5,NULL,'\0',NULL,NULL,'Vikas Color Cartones','\0',NULL,NULL,'0.00',NULL,0,0,NULL,'\0',NULL,NULL,NULL,'206C',NULL,'Dr',NULL,0,NULL,NULL,209,175,'\0',NULL,NULL),(177,0,NULL,NULL,'\0',NULL,NULL,NULL,NULL,NULL,NULL,6,NULL,0,NULL,'2015-09-14 15:54:09',NULL,NULL,NULL,NULL,NULL,'\0','\0','\0','\0','\0','\0','2015-09-14 15:54:09',5,NULL,'\0',NULL,NULL,'Oms Sales With CST','\0',NULL,NULL,'0.00',NULL,0,0,NULL,'\0',NULL,NULL,NULL,'206C',NULL,'Dr',NULL,0,NULL,NULL,216,176,'\0',NULL,NULL),(178,0,NULL,NULL,'\0',NULL,NULL,NULL,NULL,NULL,NULL,6,NULL,0,NULL,'2015-09-14 15:55:15',NULL,NULL,NULL,NULL,NULL,'\0','\0','\0','\0','\0','\0','2015-09-14 15:55:15',5,NULL,'\0',NULL,NULL,'OMS Sales Without cst','\0',NULL,NULL,'0.00',NULL,0,0,NULL,'\0',NULL,NULL,NULL,'206C',NULL,'Dr',NULL,0,NULL,NULL,216,177,'\0',NULL,NULL),(179,0,NULL,NULL,'\0',NULL,NULL,NULL,NULL,NULL,NULL,6,NULL,0,NULL,'2015-09-14 15:57:03',NULL,236,NULL,NULL,NULL,'\0','\0','\0','\0','\0','\0','2015-09-14 15:57:03',5,NULL,'\0',NULL,NULL,'Cst on SAles 2%','\0',NULL,NULL,'0.00',NULL,0,0,NULL,'\0',NULL,NULL,NULL,'206C',NULL,'Dr',NULL,0,NULL,8,217,178,'\0',NULL,NULL),(180,0,NULL,NULL,'\0',NULL,NULL,NULL,NULL,NULL,NULL,6,NULL,0,NULL,'2015-09-14 16:00:17',NULL,236,NULL,NULL,NULL,'\0','\0','\0','\0','\0','\0','2015-09-14 16:00:17',5,NULL,'\0',NULL,NULL,'CST on Sales 5%','\0',NULL,NULL,'0.00',NULL,0,0,NULL,'\0',NULL,NULL,NULL,'206C',NULL,'Dr',NULL,0,NULL,8,217,179,'\0',NULL,NULL),(181,0,NULL,NULL,'\0',NULL,NULL,NULL,NULL,NULL,NULL,6,NULL,0,NULL,'2015-09-14 16:01:10',NULL,NULL,NULL,NULL,NULL,'\0','\0','\0','\0','\0','\0','2015-09-14 16:01:10',5,NULL,'\0',NULL,NULL,'OMS Purchase With CST','\0',NULL,NULL,'0.00',NULL,0,0,NULL,'\0',NULL,NULL,NULL,'206C',NULL,'Dr',NULL,0,NULL,NULL,188,180,'\0',NULL,NULL),(182,0,NULL,NULL,'\0',NULL,NULL,NULL,NULL,NULL,NULL,6,NULL,0,NULL,'2015-09-14 16:01:46',NULL,NULL,NULL,NULL,NULL,'\0','\0','\0','\0','\0','\0','2015-09-14 16:01:46',5,NULL,'\0',NULL,NULL,'OMS Purchase Without C Form','\0',NULL,NULL,'0.00',NULL,0,0,NULL,'\0',NULL,NULL,NULL,'206C',NULL,'Dr',NULL,0,NULL,NULL,188,181,'\0',NULL,NULL),(183,0,NULL,NULL,'\0',NULL,NULL,NULL,NULL,NULL,NULL,6,NULL,0,NULL,'2015-09-14 16:02:22',NULL,NULL,NULL,NULL,NULL,'\0','\0','\0','\0','\0','\0','2015-09-14 16:02:22',5,NULL,'\0',NULL,NULL,'CST on Purchase','\0',NULL,NULL,'0.00',NULL,0,0,NULL,'\0',NULL,NULL,NULL,'206C',NULL,'Dr',NULL,0,NULL,NULL,188,182,'\0',NULL,NULL),(184,0,NULL,NULL,'\0',NULL,NULL,NULL,NULL,NULL,NULL,6,NULL,0,NULL,'2015-09-14 16:02:44',NULL,NULL,NULL,NULL,NULL,'\0','\0','\0','\0','\0','\0','2015-09-14 16:02:44',5,NULL,'\0',NULL,NULL,'CST on Purchase 5%','\0',NULL,NULL,'0.00',NULL,0,0,NULL,'\0',NULL,NULL,NULL,'206C',NULL,'Dr',NULL,0,NULL,NULL,188,183,'\0',NULL,NULL),(185,0,NULL,NULL,'\0',NULL,NULL,NULL,NULL,NULL,NULL,6,NULL,0,NULL,'2015-09-14 16:03:32',NULL,NULL,NULL,NULL,NULL,'\0','\0','\0','\0','\0','\0','2015-09-14 16:03:32',5,NULL,'\0',NULL,NULL,'Electricity Bill Payable','\0',NULL,NULL,'0.00',NULL,0,0,NULL,'\0',NULL,NULL,NULL,'206C',NULL,'Dr',NULL,0,NULL,NULL,202,184,'\0',NULL,NULL),(186,0,NULL,NULL,'\0',NULL,NULL,NULL,NULL,NULL,NULL,6,NULL,0,NULL,'2015-09-14 16:04:06',NULL,NULL,NULL,NULL,NULL,'\0','\0','\0','\0','\0','\0','2015-09-14 16:04:06',5,NULL,'\0',NULL,NULL,'Electricity Bill Paid','\0',NULL,NULL,'0.00',NULL,0,0,NULL,'\0',NULL,NULL,NULL,'206C',NULL,'Dr',NULL,0,NULL,NULL,186,185,'\0',NULL,NULL),(187,0,NULL,NULL,'\0',NULL,NULL,NULL,NULL,NULL,NULL,6,NULL,0,NULL,'2015-09-14 16:06:59',NULL,NULL,NULL,NULL,NULL,'\0','\0','\0','\0','\0','\0','2015-09-14 16:06:59',5,NULL,'\0',NULL,NULL,'Tepelhone Expenses Payable','\0',NULL,NULL,'0.00',NULL,0,0,NULL,'\0',NULL,NULL,NULL,'206C',NULL,'Dr',NULL,0,NULL,NULL,202,186,'\0',NULL,NULL),(188,0,NULL,NULL,'\0',NULL,NULL,NULL,NULL,NULL,NULL,6,NULL,0,NULL,'2015-09-14 16:07:23',NULL,NULL,NULL,NULL,NULL,'\0','\0','\0','\0','\0','\0','2015-09-14 16:07:23',5,NULL,'\0',NULL,NULL,'Telephone Bill Paid','\0',NULL,NULL,'0.00',NULL,0,0,NULL,'\0',NULL,NULL,NULL,'206C',NULL,'Dr',NULL,0,NULL,NULL,187,187,'\0',NULL,NULL),(189,0,NULL,NULL,'\0',NULL,NULL,NULL,NULL,NULL,NULL,6,NULL,0,NULL,'2015-09-14 16:08:02',NULL,NULL,NULL,NULL,NULL,'\0','\0','\0','\0','\0','\0','2015-09-14 16:08:02',5,NULL,'\0',NULL,NULL,'Jyoti Transportq','\0',NULL,NULL,'0.00',NULL,0,0,NULL,'\0',NULL,NULL,NULL,'206C',NULL,'Dr',NULL,0,NULL,NULL,212,188,'\0',NULL,NULL),(190,0,NULL,NULL,'\0',NULL,NULL,NULL,NULL,NULL,NULL,6,NULL,0,NULL,'2015-09-14 16:08:31',NULL,NULL,NULL,NULL,NULL,'\0','\0','\0','\0','\0','\0','2015-09-14 16:08:31',5,NULL,'\0',NULL,NULL,'L.S. Pawar','\0',NULL,NULL,'0.00',NULL,0,0,NULL,'\0',NULL,NULL,NULL,'206C',NULL,'Dr',NULL,0,NULL,NULL,212,189,'\0',NULL,NULL),(191,0,NULL,NULL,'\0',NULL,NULL,NULL,NULL,NULL,NULL,6,NULL,0,NULL,'2015-09-14 16:09:34',NULL,NULL,NULL,NULL,NULL,'\0','\0','\0','\0','\0','\0','2015-09-14 16:09:34',5,NULL,'\0',NULL,NULL,'Freight In Ward','\0',NULL,NULL,'0.00',NULL,0,0,NULL,'\0',NULL,NULL,NULL,'206C',NULL,'Dr',NULL,0,NULL,NULL,186,190,'\0',NULL,NULL),(192,0,NULL,NULL,'\0',NULL,NULL,NULL,NULL,NULL,NULL,6,NULL,0,NULL,'2015-09-14 16:09:52',NULL,NULL,NULL,NULL,NULL,'\0','\0','\0','\0','\0','\0','2015-09-14 16:09:52',5,NULL,'\0',NULL,NULL,'Freight Outward','\0',NULL,NULL,'0.00',NULL,0,0,NULL,'\0',NULL,NULL,NULL,'206C',NULL,'Dr',NULL,0,NULL,NULL,187,191,'\0',NULL,NULL),(193,0,NULL,NULL,'\0',NULL,NULL,NULL,NULL,NULL,NULL,6,NULL,0,NULL,'2015-09-14 16:10:26',NULL,NULL,NULL,NULL,NULL,'\0','\0','\0','\0','\0','\0','2015-09-14 16:10:26',5,NULL,'\0',NULL,NULL,'Transportation Paid on Sales','\0',NULL,NULL,'0.00',NULL,0,0,NULL,'\0',NULL,NULL,NULL,'206C',NULL,'Dr',NULL,0,NULL,NULL,191,192,'\0',NULL,NULL),(194,0,NULL,NULL,'\0',NULL,NULL,NULL,NULL,NULL,NULL,6,NULL,0,NULL,'2015-09-14 16:10:52',NULL,NULL,NULL,NULL,NULL,'\0','\0','\0','\0','\0','\0','2015-09-14 16:10:52',5,NULL,'\0',NULL,NULL,'Labour Charges on Purchases','\0',NULL,NULL,'0.00',NULL,0,0,NULL,'\0',NULL,NULL,NULL,'206C',NULL,'Dr',NULL,0,NULL,NULL,188,193,'\0',NULL,NULL),(195,0,NULL,NULL,'\0',NULL,NULL,NULL,NULL,NULL,NULL,6,NULL,0,NULL,'2015-09-14 16:11:15',NULL,NULL,NULL,NULL,NULL,'\0','\0','\0','\0','\0','\0','2015-09-14 16:11:15',5,NULL,'\0',NULL,NULL,'Loading & Unloading Charges','\0',NULL,NULL,'0.00',NULL,0,0,NULL,'\0',NULL,NULL,NULL,'206C',NULL,'Dr',NULL,0,NULL,NULL,187,194,'\0',NULL,NULL),(196,0,NULL,NULL,'\0',NULL,NULL,NULL,NULL,NULL,NULL,6,NULL,0,NULL,'2015-09-14 16:11:41',NULL,NULL,NULL,NULL,NULL,'\0','\0','\0','\0','\0','\0','2015-09-14 16:11:41',5,NULL,'\0',NULL,NULL,'Geeta Enterprises','\0',NULL,NULL,'0.00',NULL,0,0,NULL,'\0',NULL,NULL,NULL,'206C',NULL,'Dr',NULL,0,NULL,NULL,203,195,'\0',NULL,NULL),(197,0,NULL,NULL,'\0',NULL,NULL,NULL,NULL,NULL,NULL,6,NULL,0,NULL,'2015-09-14 16:12:02',NULL,NULL,NULL,NULL,NULL,'\0','\0','\0','\0','\0','\0','2015-09-14 16:12:02',5,NULL,'\0',NULL,NULL,'Prashant Enterprises','\0',NULL,NULL,'0.00',NULL,0,0,NULL,'\0',NULL,NULL,NULL,'206C',NULL,'Dr',NULL,0,NULL,NULL,203,196,'\0',NULL,NULL),(198,0,NULL,NULL,'\0',NULL,NULL,NULL,NULL,NULL,NULL,6,NULL,0,NULL,'2015-09-14 16:15:40',NULL,193,NULL,NULL,NULL,'\0','\0','\0','\0','\0','\0','2015-09-14 16:15:40',5,NULL,'\0',NULL,NULL,'Tds On Rent','\0',NULL,NULL,'0.00',NULL,0,0,NULL,'\0',NULL,NULL,NULL,'206C',NULL,'Dr',NULL,0,NULL,11,208,197,'\0',NULL,NULL),(199,0,NULL,NULL,'\0',NULL,NULL,NULL,NULL,NULL,NULL,6,NULL,0,NULL,'2015-09-14 16:16:47',NULL,189,NULL,NULL,NULL,'\0','\0','\0','\0','\0','\0','2015-09-14 16:16:47',5,NULL,'\0',NULL,NULL,'Tds on Contractors','\0',NULL,NULL,'0.00',NULL,0,0,NULL,'\0',NULL,NULL,NULL,'206C',NULL,'Dr',NULL,0,NULL,11,208,198,'\0',NULL,NULL),(200,0,NULL,NULL,'\0',NULL,NULL,NULL,NULL,NULL,NULL,6,NULL,0,NULL,'2015-09-14 16:25:29',NULL,245,NULL,NULL,NULL,'\0','\0','\0','\0','\0','\0','2015-09-14 16:25:29',5,NULL,'\0',NULL,NULL,'Vat on Fixed Assets','\0',NULL,NULL,'0.00',NULL,0,0,NULL,'\0',NULL,NULL,NULL,'206C',NULL,'Dr',NULL,0,NULL,7,207,199,'\0',NULL,NULL),(201,1,NULL,NULL,'\0',NULL,NULL,NULL,NULL,NULL,NULL,6,NULL,30,NULL,'2015-09-14 16:27:10',NULL,NULL,NULL,NULL,NULL,'\0','\0','\0','\0','\0','\0','2015-09-14 17:11:57',5,NULL,'',NULL,NULL,'A to Z Sales','\0',NULL,NULL,'0.00',NULL,0,0,NULL,'\0',NULL,NULL,NULL,'206C',NULL,'Dr',NULL,0,NULL,NULL,203,200,'\0','null',NULL),(202,1,NULL,NULL,'\0',NULL,NULL,NULL,NULL,NULL,NULL,6,NULL,30,NULL,'2015-09-14 16:27:51',NULL,NULL,NULL,NULL,NULL,'\0','\0','\0','\0','\0','\0','2015-09-14 17:12:45',5,NULL,'',NULL,NULL,'Vijay Sales','\0',NULL,NULL,'0.00',NULL,0,0,NULL,'\0',NULL,NULL,NULL,'206C',NULL,'Dr',NULL,0,NULL,NULL,203,201,'\0','null',NULL),(203,0,NULL,NULL,'\0',NULL,NULL,NULL,NULL,NULL,NULL,6,NULL,0,NULL,'2015-09-14 17:39:12',NULL,NULL,NULL,NULL,NULL,'\0','\0','\0','\0','\0','\0','2015-09-14 17:39:12',5,NULL,'\0',NULL,NULL,'Sales 5%','\0',NULL,NULL,'0.00',NULL,0,0,NULL,'\0',NULL,NULL,NULL,'206C',NULL,'Dr',NULL,0,NULL,NULL,191,202,'\0',NULL,NULL),(204,0,NULL,NULL,'\0',NULL,NULL,NULL,NULL,NULL,NULL,6,NULL,0,NULL,'2015-09-14 17:42:56',NULL,250,NULL,NULL,NULL,'\0','\0','\0','\0','\0','\0','2015-09-14 17:42:56',5,NULL,'\0',NULL,NULL,'Vat on Sales 5%','\0',NULL,NULL,'0.00',NULL,0,0,NULL,'\0',NULL,NULL,NULL,'206C',NULL,'Dr',NULL,0,NULL,7,207,203,'\0',NULL,NULL),(205,0,NULL,NULL,'\0',NULL,NULL,NULL,NULL,NULL,NULL,6,NULL,0,NULL,'2015-09-14 20:08:16',NULL,NULL,NULL,NULL,NULL,'\0','\0','\0','\0','\0','\0','2015-09-14 20:08:16',5,NULL,'\0',NULL,NULL,'Excise Payable','\0',NULL,NULL,'0.00',NULL,0,0,NULL,'\0',NULL,NULL,NULL,'206C',NULL,'Dr',NULL,0,NULL,NULL,202,204,'\0',NULL,NULL),(206,0,NULL,NULL,'\0',NULL,NULL,NULL,NULL,NULL,NULL,6,NULL,0,NULL,'2015-09-14 20:12:32',NULL,NULL,NULL,NULL,NULL,'\0','\0','\0','\0','\0','\0','2015-09-14 20:12:32',5,NULL,'\0',NULL,NULL,'Vat Payable','\0',NULL,NULL,'0.00',NULL,0,0,NULL,'\0',NULL,NULL,NULL,'206C',NULL,'Dr',NULL,0,NULL,NULL,202,205,'\0',NULL,NULL),(207,0,NULL,NULL,'\0',NULL,NULL,NULL,NULL,NULL,NULL,6,NULL,0,NULL,'2015-10-13 19:35:16',NULL,NULL,NULL,NULL,NULL,'\0','\0','\0','\0','\0','\0','2015-10-13 19:35:16',5,NULL,'\0',NULL,NULL,'ALEX GRINDERS PRIVATE LIMITED.','\0',NULL,NULL,'0.00',NULL,0,0,NULL,'\0',NULL,NULL,NULL,'206C',NULL,'Dr',NULL,0,NULL,NULL,191,206,'\0',NULL,NULL);

/*Table structure for table `company` */

DROP TABLE IF EXISTS `company`;

CREATE TABLE `company` (
  `id` bigint(20) NOT NULL AUTO_INCREMENT,
  `version` bigint(20) NOT NULL,
  `address` varchar(255) DEFAULT NULL,
  `books_beginig_from` date NOT NULL,
  `city` varchar(255) DEFAULT NULL,
  `company_id` bigint(20) DEFAULT NULL,
  `country_id` bigint(20) DEFAULT NULL,
  `currency_symbol` varchar(255) DEFAULT NULL,
  `date_created` datetime NOT NULL,
  `email` varchar(255) DEFAULT NULL,
  `financial_from` date NOT NULL,
  `is_company_split` bit(1) NOT NULL,
  `is_manual` bit(1) NOT NULL,
  `is_symbols_suffix` bit(1) NOT NULL,
  `last_updated` datetime NOT NULL,
  `last_updated_by_id` bigint(20) DEFAULT NULL,
  `name` varchar(255) NOT NULL,
  `number_for_decimal_place` int(11) NOT NULL,
  `organization_id` bigint(20) NOT NULL,
  `pincode` varchar(255) DEFAULT NULL,
  `registration_no` varchar(255) DEFAULT NULL,
  `state_id` bigint(20) DEFAULT NULL,
  `telephone_no` varchar(255) DEFAULT NULL,
  `unique_key` int(11) NOT NULL,
  `cst_no` varchar(255) DEFAULT NULL,
  `ecc_no` varchar(255) DEFAULT NULL,
  `tax_no` varchar(255) DEFAULT NULL,
  `vat_no` varchar(255) DEFAULT NULL,
  PRIMARY KEY (`id`),
  KEY `FK_q79ooswnnmx4kafhpltwr6441` (`company_id`),
  KEY `FK_6375rhh2tyjm32i7i1r8lb4ew` (`country_id`),
  KEY `FK_6cija92gkusb5j35xasedkg1a` (`last_updated_by_id`),
  KEY `FK_g408c4qv1jgvqkt97k6cyw16i` (`organization_id`),
  KEY `FK_q4or9131cc2fuul96k1j42kx1` (`state_id`),
  CONSTRAINT `FK_6375rhh2tyjm32i7i1r8lb4ew` FOREIGN KEY (`country_id`) REFERENCES `country` (`id`),
  CONSTRAINT `FK_6cija92gkusb5j35xasedkg1a` FOREIGN KEY (`last_updated_by_id`) REFERENCES `user` (`id`) ON DELETE CASCADE,
  CONSTRAINT `FK_g408c4qv1jgvqkt97k6cyw16i` FOREIGN KEY (`organization_id`) REFERENCES `organization` (`id`),
  CONSTRAINT `FK_q4or9131cc2fuul96k1j42kx1` FOREIGN KEY (`state_id`) REFERENCES `state` (`id`),
  CONSTRAINT `FK_q79ooswnnmx4kafhpltwr6441` FOREIGN KEY (`company_id`) REFERENCES `company` (`id`)
) ENGINE=InnoDB AUTO_INCREMENT=7 DEFAULT CHARSET=latin1;

/*Data for the table `company` */

insert  into `company`(`id`,`version`,`address`,`books_beginig_from`,`city`,`company_id`,`country_id`,`currency_symbol`,`date_created`,`email`,`financial_from`,`is_company_split`,`is_manual`,`is_symbols_suffix`,`last_updated`,`last_updated_by_id`,`name`,`number_for_decimal_place`,`organization_id`,`pincode`,`registration_no`,`state_id`,`telephone_no`,`unique_key`,`cst_no`,`ecc_no`,`tax_no`,`vat_no`) values (1,0,NULL,'2015-04-01',NULL,NULL,NULL,NULL,'2015-05-15 19:13:15',NULL,'2015-04-01','\0','\0','\0','2015-05-15 19:13:15',1,'Yogi Company',0,1,NULL,NULL,NULL,NULL,1,NULL,NULL,NULL,NULL),(2,0,'Moshi,Pune','2015-04-01','Pune',NULL,1,NULL,'2015-05-15 19:49:08','sale@yogisoftech.in','2015-04-01','\0','','\0','2015-05-15 19:49:08',1,'Yogi System Pvt. Ltd',0,2,NULL,'U29210PN2009PTC134243',21,'9090909090',2,NULL,NULL,NULL,NULL),(3,0,'HOUSE NO 987 GAT NO 61 ,PARDESHI VASTI ,A/P CHIMBLI TAL -KHED ,DIST -PUNE','2015-04-01','PUNE',NULL,1,'RS','2015-05-31 12:47:26',NULL,'2015-04-01','\0','','\0','2015-05-31 12:47:26',2,'YOGI WIRES PVT LTD DEMO',0,2,'412105',NULL,21,'9730027987',3,NULL,NULL,NULL,NULL),(4,0,'CHIMBALI','2015-05-31','P[UNE',NULL,1,NULL,'2015-05-31 13:04:45',NULL,'2015-05-31','\0','','\0','2015-05-31 13:04:45',1,'YOGI WIRES PVT LTD',0,2,'412105',NULL,21,NULL,4,NULL,NULL,NULL,NULL),(5,0,'Chimpli Phata, Pune','2015-04-01','Pune',NULL,1,'Rs.','2015-08-22 10:34:35','yogiwire@yahoo.com','2015-04-01','\0','','\0','2015-08-22 10:34:35',1,'Yogi Wires Pvt. Ltd.',2,2,NULL,'123',21,NULL,5,'27930724269V','AALFA3780GEM001',NULL,'27930724269V'),(6,0,'Pune','2015-04-01','Pune',NULL,1,NULL,'2015-09-04 11:46:42','me_enterprises@rediffmail.com','2015-04-01','\0','','\0','2015-09-04 11:46:42',4,'Rakesh Company',0,2,'411039','ACNPS7018MEM001',1,NULL,6,NULL,NULL,NULL,NULL);

/*Table structure for table `country` */

DROP TABLE IF EXISTS `country`;

CREATE TABLE `country` (
  `id` bigint(20) NOT NULL AUTO_INCREMENT,
  `version` bigint(20) NOT NULL,
  `date_created` datetime NOT NULL,
  `last_updated` datetime NOT NULL,
  `name` varchar(255) NOT NULL,
  `unique_key` int(11) NOT NULL,
  PRIMARY KEY (`id`)
) ENGINE=InnoDB AUTO_INCREMENT=2 DEFAULT CHARSET=latin1;

/*Data for the table `country` */

insert  into `country`(`id`,`version`,`date_created`,`last_updated`,`name`,`unique_key`) values (1,0,'2015-05-15 19:13:15','2015-05-15 19:13:15','India',1);

/*Table structure for table `create_domain_class` */

DROP TABLE IF EXISTS `create_domain_class`;

CREATE TABLE `create_domain_class` (
  `id` bigint(20) NOT NULL AUTO_INCREMENT,
  `version` bigint(20) NOT NULL,
  PRIMARY KEY (`id`)
) ENGINE=InnoDB DEFAULT CHARSET=latin1;

/*Data for the table `create_domain_class` */

/*Table structure for table `interest_parameters` */

DROP TABLE IF EXISTS `interest_parameters`;

CREATE TABLE `interest_parameters` (
  `id` bigint(20) NOT NULL AUTO_INCREMENT,
  `version` bigint(20) NOT NULL,
  `account_ledger_id` bigint(20) NOT NULL,
  `applicable_date_from` date DEFAULT NULL,
  `applicable_date_to` date DEFAULT NULL,
  `company_id` bigint(20) NOT NULL,
  `rate` decimal(19,2) NOT NULL,
  `rate_on` varchar(255) DEFAULT NULL,
  `rateper` varchar(255) DEFAULT NULL,
  `rounding_id` bigint(20) DEFAULT NULL,
  `srno` int(11) NOT NULL,
  `unique_key` int(11) NOT NULL,
  PRIMARY KEY (`id`),
  KEY `FK_9k1dsrh44io9wmcd6a7ts2u4d` (`account_ledger_id`),
  KEY `FK_jigcqo0r0el9guie77fi8k96g` (`company_id`),
  KEY `FK_a6ey6jqw9fmsidghbx7uac8po` (`rounding_id`),
  CONSTRAINT `FK_9k1dsrh44io9wmcd6a7ts2u4d` FOREIGN KEY (`account_ledger_id`) REFERENCES `account_ledger` (`id`),
  CONSTRAINT `FK_a6ey6jqw9fmsidghbx7uac8po` FOREIGN KEY (`rounding_id`) REFERENCES `account_flag` (`id`),
  CONSTRAINT `FK_jigcqo0r0el9guie77fi8k96g` FOREIGN KEY (`company_id`) REFERENCES `company` (`id`)
) ENGINE=InnoDB DEFAULT CHARSET=latin1;

/*Data for the table `interest_parameters` */

/*Table structure for table `organization` */

DROP TABLE IF EXISTS `organization`;

CREATE TABLE `organization` (
  `id` bigint(20) NOT NULL AUTO_INCREMENT,
  `version` bigint(20) NOT NULL,
  `date_created` datetime NOT NULL,
  `last_updated` datetime NOT NULL,
  `name` varchar(255) NOT NULL,
  `unique_key` int(11) NOT NULL,
  PRIMARY KEY (`id`)
) ENGINE=InnoDB AUTO_INCREMENT=5 DEFAULT CHARSET=latin1;

/*Data for the table `organization` */

insert  into `organization`(`id`,`version`,`date_created`,`last_updated`,`name`,`unique_key`) values (1,0,'2015-05-15 19:13:15','2015-05-15 19:13:15','Yogi Organization',1),(2,0,'2015-05-15 19:47:47','2015-05-15 19:47:47','Yogi Group',2),(3,0,'2015-08-03 17:54:40','2015-08-03 17:54:40','Holiday',3),(4,0,'2015-09-04 11:45:14','2015-09-04 11:45:14','Rakesh Org.',4);

/*Table structure for table `parameters` */

DROP TABLE IF EXISTS `parameters`;

CREATE TABLE `parameters` (
  `id` bigint(20) NOT NULL AUTO_INCREMENT,
  `version` bigint(20) NOT NULL,
  `applicable_from` datetime DEFAULT NULL,
  `applicable_to` datetime DEFAULT NULL,
  `company_id` bigint(20) NOT NULL,
  `latest_number` int(11) NOT NULL,
  `postfix` varchar(255) DEFAULT NULL,
  `prefix` varchar(255) DEFAULT NULL,
  `start_number` int(11) NOT NULL,
  `unique_key` int(11) NOT NULL,
  `voucher_type_id` bigint(20) NOT NULL,
  PRIMARY KEY (`id`),
  KEY `FK_jxjrwgnfy4qm1j5g05v3micok` (`company_id`),
  KEY `FK_1e6cnhlmte7m45dd3oogapgt4` (`voucher_type_id`),
  CONSTRAINT `FK_1e6cnhlmte7m45dd3oogapgt4` FOREIGN KEY (`voucher_type_id`) REFERENCES `voucher_type` (`id`),
  CONSTRAINT `FK_jxjrwgnfy4qm1j5g05v3micok` FOREIGN KEY (`company_id`) REFERENCES `company` (`id`)
) ENGINE=InnoDB AUTO_INCREMENT=2 DEFAULT CHARSET=latin1;

/*Data for the table `parameters` */

insert  into `parameters`(`id`,`version`,`applicable_from`,`applicable_to`,`company_id`,`latest_number`,`postfix`,`prefix`,`start_number`,`unique_key`,`voucher_type_id`) values (1,0,'2015-04-01 11:22:54','2016-03-31 11:23:01',1,2,'ys',NULL,1,1,2);

/*Table structure for table `party_account` */

DROP TABLE IF EXISTS `party_account`;

CREATE TABLE `party_account` (
  `id` bigint(20) NOT NULL AUTO_INCREMENT,
  `version` bigint(20) NOT NULL,
  `amount` decimal(19,2) NOT NULL,
  `amount_status` varchar(255) DEFAULT NULL,
  `bill_date` date DEFAULT NULL,
  `bill_no` varchar(255) DEFAULT NULL,
  `company_id` bigint(20) NOT NULL,
  `cr_days` decimal(19,2) NOT NULL,
  `date_created` datetime NOT NULL,
  `last_updated` datetime NOT NULL,
  `last_updated_by_id` bigint(20) NOT NULL,
  `narration` varchar(255) DEFAULT NULL,
  `party_name_id` bigint(20) DEFAULT NULL,
  `remain_amount` decimal(19,2) DEFAULT NULL,
  `type_of_ref_id` bigint(20) DEFAULT NULL,
  `unique_key` int(11) NOT NULL,
  `voucher_id` bigint(20) DEFAULT NULL,
  PRIMARY KEY (`id`),
  KEY `FK_572gluclbeqfwfj3wnydal8g7` (`company_id`),
  KEY `FK_6mcglrri4ruan0qogn9crieyf` (`last_updated_by_id`),
  KEY `FK_2wyhnnrun7tvgefu7k1xb2nvw` (`party_name_id`),
  KEY `FK_j1gnmjgrhhp3j8qgorhoks601` (`type_of_ref_id`),
  KEY `FK_mwwfjb6qg0qcvw30ow2qvfx1m` (`voucher_id`),
  CONSTRAINT `FK_2wyhnnrun7tvgefu7k1xb2nvw` FOREIGN KEY (`party_name_id`) REFERENCES `account_ledger` (`id`),
  CONSTRAINT `FK_572gluclbeqfwfj3wnydal8g7` FOREIGN KEY (`company_id`) REFERENCES `company` (`id`),
  CONSTRAINT `FK_6mcglrri4ruan0qogn9crieyf` FOREIGN KEY (`last_updated_by_id`) REFERENCES `user` (`id`),
  CONSTRAINT `FK_j1gnmjgrhhp3j8qgorhoks601` FOREIGN KEY (`type_of_ref_id`) REFERENCES `account_flag` (`id`),
  CONSTRAINT `FK_mwwfjb6qg0qcvw30ow2qvfx1m` FOREIGN KEY (`voucher_id`) REFERENCES `voucher` (`id`)
) ENGINE=InnoDB AUTO_INCREMENT=179 DEFAULT CHARSET=latin1;

/*Data for the table `party_account` */

insert  into `party_account`(`id`,`version`,`amount`,`amount_status`,`bill_date`,`bill_no`,`company_id`,`cr_days`,`date_created`,`last_updated`,`last_updated_by_id`,`narration`,`party_name_id`,`remain_amount`,`type_of_ref_id`,`unique_key`,`voucher_id`) values (1,0,'10000.00','Dr','2015-05-16','On Account',2,'0.00','2015-05-16 18:07:47','2015-05-16 18:07:47',2,NULL,5,'0.00',4,1,NULL),(2,0,'10000.00','Cr','2015-05-16','On Account',2,'0.00','2015-05-16 18:09:01','2015-05-16 18:09:01',2,NULL,6,'0.00',4,2,NULL),(3,0,'0.00','Dr','2015-05-16','On Account',2,'0.00','2015-05-16 18:09:24','2015-05-16 18:09:24',2,NULL,7,'0.00',4,3,NULL),(4,0,'0.00','Dr','2015-05-16','On Account',2,'0.00','2015-05-16 18:10:01','2015-05-16 18:10:01',2,NULL,8,'0.00',4,4,NULL),(5,0,'0.00','Dr','2015-05-16','On Account',2,'0.00','2015-05-16 18:12:26','2015-05-16 18:12:26',2,NULL,9,'0.00',4,5,NULL),(6,0,'0.00','Dr','2015-05-16','On Account',2,'0.00','2015-05-16 18:12:47','2015-05-16 18:12:47',2,NULL,10,'0.00',4,6,NULL),(7,0,'0.00','Dr','2015-05-16','On Account',2,'0.00','2015-05-16 18:13:47','2015-05-16 18:13:47',2,NULL,11,'0.00',4,7,NULL),(11,0,'0.00','Dr','2015-05-16','On Account',2,'0.00','2015-05-16 18:23:16','2015-05-16 18:23:16',2,NULL,15,'0.00',4,8,NULL),(12,0,'50000.00','Dr','2015-05-31','On Account',2,'0.00','2015-05-31 12:40:31','2015-05-31 12:40:31',2,NULL,16,'0.00',4,9,NULL),(13,0,'0.00','Dr','2015-05-31','On Account',2,'0.00','2015-05-31 12:41:38','2015-05-31 12:41:38',2,NULL,17,'0.00',4,10,NULL),(14,0,'0.00','Dr','2015-05-31','On Account',2,'0.00','2015-05-31 12:45:02','2015-05-31 12:45:02',2,NULL,18,'0.00',4,11,NULL),(15,0,'0.00','Dr','2015-05-31','On Account',3,'0.00','2015-05-31 13:17:32','2015-05-31 13:17:32',3,NULL,23,'0.00',4,12,NULL),(16,0,'0.00','Dr','2015-05-31','On Account',3,'0.00','2015-05-31 13:17:55','2015-05-31 13:17:55',3,NULL,24,'0.00',4,13,NULL),(17,0,'0.00','Dr','2015-05-31','On Account',3,'0.00','2015-05-31 13:20:17','2015-05-31 13:20:17',3,NULL,25,'0.00',4,14,NULL),(18,0,'0.00','Dr','2015-05-31','On Account',3,'0.00','2015-05-31 13:20:45','2015-05-31 13:20:45',3,NULL,26,'0.00',4,15,NULL),(19,0,'0.00','Dr','2015-05-31','On Account',3,'0.00','2015-05-31 13:21:29','2015-05-31 13:21:29',3,NULL,27,'0.00',4,16,NULL),(20,0,'0.00','Dr','2015-05-31','On Account',3,'0.00','2015-05-31 13:22:22','2015-05-31 13:22:22',3,NULL,28,'0.00',4,17,NULL),(21,0,'0.00','Dr','2015-05-31','On Account',3,'0.00','2015-05-31 13:23:41','2015-05-31 13:23:41',3,NULL,29,'0.00',4,18,NULL),(22,0,'50000.00','Cr','2015-05-31','On Account',3,'0.00','2015-05-31 13:24:33','2015-05-31 13:24:33',3,NULL,30,'0.00',4,19,NULL),(23,0,'0.00','Dr','2015-05-31','On Account',3,'0.00','2015-05-31 13:32:31','2015-05-31 13:32:31',3,NULL,31,'0.00',4,20,NULL),(24,0,'0.00','Dr','2015-05-31','On Account',3,'0.00','2015-05-31 13:32:56','2015-05-31 13:32:56',3,NULL,32,'0.00',4,21,NULL),(25,0,'0.00','Dr','2015-05-31','On Account',3,'0.00','2015-05-31 13:32:56','2015-05-31 13:32:56',3,NULL,33,'0.00',4,22,NULL),(26,0,'0.00','Dr','2015-05-31','On Account',3,'0.00','2015-05-31 13:33:31','2015-05-31 13:33:31',3,NULL,34,'0.00',4,23,NULL),(27,0,'0.00','Dr','2015-05-31','On Account',3,'0.00','2015-05-31 13:33:59','2015-05-31 13:33:59',3,NULL,35,'0.00',4,24,NULL),(28,0,'0.00','Dr','2015-05-31','On Account',3,'0.00','2015-05-31 13:34:41','2015-05-31 13:34:41',3,NULL,36,'0.00',4,25,NULL),(29,0,'0.00','Dr','2015-05-31','On Account',3,'0.00','2015-05-31 13:35:15','2015-05-31 13:35:15',3,NULL,37,'0.00',4,26,NULL),(30,0,'10000.00','Cr','2015-08-03','On Account',1,'0.00','2015-08-03 17:34:39','2015-08-03 17:34:39',1,NULL,38,'0.00',4,27,NULL),(31,0,'435.00','Dr','2015-08-03','On Account',1,'0.00','2015-08-03 19:15:31','2015-08-03 19:15:31',1,NULL,39,'0.00',4,28,NULL),(33,0,'0.00','Dr','2015-08-05','On Account',1,'0.00','2015-08-05 16:36:32','2015-08-05 16:36:32',1,NULL,41,'0.00',4,29,NULL),(34,0,'10000.00','Dr','2015-08-12','On Account',1,'0.00','2015-08-12 15:54:00','2015-08-12 15:54:00',1,NULL,44,'0.00',4,30,NULL),(35,0,'0.00','Dr','2015-08-14','On Account',1,'0.00','2015-08-14 18:39:43','2015-08-14 18:39:43',1,NULL,45,'0.00',4,31,NULL),(36,0,'0.00','Dr','2015-08-14','On Account',1,'0.00','2015-08-14 18:43:08','2015-08-14 18:43:08',1,NULL,46,'0.00',4,32,NULL),(37,0,'0.00','Dr','2015-08-14','On Account',1,'0.00','2015-08-14 19:03:26','2015-08-14 19:03:26',1,NULL,47,'0.00',4,33,NULL),(38,0,'0.00','Dr','2015-08-14','On Account',1,'0.00','2015-08-14 19:08:25','2015-08-14 19:08:25',1,NULL,48,'0.00',4,34,NULL),(39,0,'5000.00','Dr','2015-08-17','On Account',1,'0.00','2015-08-17 11:56:07','2015-08-17 11:56:07',1,NULL,49,'0.00',4,35,NULL),(40,0,'0.00','Dr','2015-08-18','On Account',1,'0.00','2015-08-18 14:46:49','2015-08-18 14:46:49',1,NULL,50,'0.00',4,36,NULL),(41,0,'200.00','Dr','2015-08-18','On Account',1,'0.00','2015-08-18 15:20:56','2015-08-18 15:20:56',1,NULL,52,'0.00',4,37,NULL),(43,0,'0.00','Dr','2015-08-22','On Account',5,'0.00','2015-08-22 10:40:15','2015-08-22 10:40:15',4,NULL,58,'0.00',4,39,NULL),(44,0,'0.00','Dr','2015-08-22','On Account',5,'0.00','2015-08-22 10:40:40','2015-08-22 10:40:40',4,NULL,59,'0.00',4,40,NULL),(45,0,'0.00','Dr','2015-08-22','On Account',5,'0.00','2015-08-22 10:41:12','2015-08-22 10:41:12',4,NULL,60,'0.00',4,41,NULL),(46,0,'0.00','Dr','2015-08-22','On Account',5,'0.00','2015-08-22 10:41:32','2015-08-22 10:41:32',4,NULL,61,'0.00',4,42,NULL),(47,0,'0.00','Dr','2015-08-22','On Account',5,'0.00','2015-08-22 10:41:52','2015-08-22 10:41:52',4,NULL,62,'0.00',4,43,NULL),(48,0,'0.00','Dr','2015-08-22','On Account',5,'0.00','2015-08-22 10:42:28','2015-08-22 10:42:28',4,NULL,63,'0.00',4,44,NULL),(49,0,'0.00','Dr','2015-08-22','On Account',5,'0.00','2015-08-22 10:42:52','2015-08-22 10:42:52',4,NULL,64,'0.00',4,45,NULL),(52,0,'0.00','Dr','2015-08-22','On Account',5,'0.00','2015-08-22 10:52:18','2015-08-22 10:52:18',4,NULL,67,'0.00',4,48,NULL),(53,0,'0.00','Dr','2015-08-22','On Account',5,'0.00','2015-08-22 10:53:16','2015-08-22 10:53:16',4,NULL,68,'0.00',4,49,NULL),(54,0,'0.00','Dr','2015-08-22','On Account',5,'0.00','2015-08-22 10:54:29','2015-08-22 10:54:29',4,NULL,69,'0.00',4,50,NULL),(55,0,'0.00','Dr','2015-08-22','On Account',5,'0.00','2015-08-22 10:55:08','2015-08-22 10:55:08',4,NULL,70,'0.00',4,51,NULL),(56,0,'0.00','Dr','2015-08-22','On Account',5,'0.00','2015-08-22 10:55:45','2015-08-22 10:55:45',4,NULL,71,'0.00',4,52,NULL),(57,0,'0.00','Dr','2015-08-22','On Account',5,'0.00','2015-08-22 10:56:29','2015-08-22 10:56:29',4,NULL,72,'0.00',4,53,NULL),(59,0,'0.00','Dr','2015-08-22','On Account',5,'0.00','2015-08-22 10:57:30','2015-08-22 10:57:30',4,NULL,74,'0.00',4,55,NULL),(60,0,'0.00','Dr','2015-08-22','On Account',5,'0.00','2015-08-22 10:57:54','2015-08-22 10:57:54',4,NULL,75,'0.00',4,56,NULL),(61,0,'0.00','Dr','2015-08-22','On Account',5,'0.00','2015-08-22 10:58:12','2015-08-22 10:58:12',4,NULL,76,'0.00',4,57,NULL),(62,0,'0.00','Dr','2015-08-22','On Account',5,'0.00','2015-08-22 11:17:01','2015-08-22 11:17:01',4,NULL,81,'0.00',4,58,NULL),(63,0,'2000.00','Dr','2015-04-05',NULL,5,'0.00','2015-08-22 12:26:37','2015-08-22 12:26:37',4,NULL,82,'2000.00',4,59,50),(64,0,'0.00','Dr','2015-08-22','On Account',5,'0.00','2015-08-22 12:40:43','2015-08-22 12:40:43',4,NULL,83,'0.00',4,60,NULL),(65,0,'0.00','Dr','2015-08-22','On Account',5,'0.00','2015-08-22 12:41:42','2015-08-22 12:41:42',4,NULL,84,'0.00',4,61,NULL),(66,0,'0.00','Dr','2015-08-22','On Account',5,'0.00','2015-08-22 12:42:55','2015-08-22 12:42:55',4,NULL,85,'0.00',4,62,NULL),(67,0,'100000.00','Cr','2015-04-05','123',5,'45.00','2015-08-22 12:45:56','2015-08-22 12:45:56',4,NULL,80,'100000.00',3,63,52),(68,0,'50000.00','Dr','2015-05-06','0001',5,'40.00','2015-08-22 12:50:31','2015-08-22 12:50:31',4,NULL,77,'50000.00',3,64,57),(69,0,'500000.00','Cr','2015-05-01','1456',5,'45.00','2015-08-22 14:02:37','2015-08-22 14:02:37',4,NULL,80,'500000.00',3,65,61),(70,2,'200000.00','Cr','2015-05-03','4565',5,'30.00','2015-08-22 14:04:43','2015-08-22 14:45:20',4,NULL,79,'-200000.00',3,66,65),(71,2,'750000.00','Cr','2015-07-05','123',5,'30.00','2015-08-22 14:07:08','2015-08-22 14:45:20',4,NULL,79,'150000.00',3,67,70),(72,0,'1000000.00','Dr','2015-05-06','2',5,'30.00','2015-08-22 14:11:01','2015-08-22 14:11:01',4,NULL,77,'1000000.00',3,68,74),(74,2,'650000.00','Dr','2015-07-07','4',5,'45.00','2015-08-22 14:21:59','2015-08-22 14:32:05',4,NULL,78,'-350000.00',3,69,78),(75,0,'0.00','Dr','2015-08-22','On Account',5,'0.00','2015-08-22 15:11:46','2015-08-22 15:11:46',4,NULL,88,'0.00',4,70,NULL),(78,0,'0.00','Dr','2015-08-22','On Account',5,'0.00','2015-08-22 15:38:28','2015-08-22 15:38:28',4,NULL,92,'0.00',4,73,NULL),(79,0,'0.00','Dr','2015-08-22','On Account',5,'0.00','2015-08-22 15:39:05','2015-08-22 15:39:05',4,NULL,93,'0.00',4,74,NULL),(80,0,'0.00','Dr','2015-08-22','On Account',5,'0.00','2015-08-22 15:40:03','2015-08-22 15:40:03',4,NULL,94,'0.00',4,75,NULL),(81,0,'0.00','Dr','2015-08-22','On Account',5,'0.00','2015-08-22 15:40:34','2015-08-22 15:40:34',4,NULL,95,'0.00',4,76,NULL),(82,0,'0.00','Dr','2015-08-22','On Account',5,'0.00','2015-08-22 15:41:14','2015-08-22 15:41:14',4,NULL,96,'0.00',4,77,NULL),(83,0,'0.00','Dr','2015-08-22','On Account',5,'0.00','2015-08-22 15:41:49','2015-08-22 15:41:49',4,NULL,97,'0.00',4,78,NULL),(84,0,'0.00','Dr','2015-08-22','On Account',5,'0.00','2015-08-22 15:42:19','2015-08-22 15:42:19',4,NULL,98,'0.00',4,79,NULL),(85,0,'0.00','Dr','2015-08-22','On Account',5,'0.00','2015-08-22 15:43:17','2015-08-22 15:43:17',4,NULL,99,'0.00',4,80,NULL),(86,0,'0.00','Dr','2015-08-22','On Account',5,'0.00','2015-08-22 15:44:55','2015-08-22 15:44:55',4,NULL,100,'0.00',4,81,NULL),(87,0,'0.00','Dr','2015-08-22','On Account',5,'0.00','2015-08-22 15:45:53','2015-08-22 15:45:53',4,NULL,101,'0.00',4,82,NULL),(88,0,'0.00','Dr','2015-08-22','On Account',5,'0.00','2015-08-22 15:48:51','2015-08-22 15:48:51',4,NULL,102,'0.00',4,83,NULL),(89,0,'0.00','Dr','2015-08-22','On Account',5,'0.00','2015-08-22 16:06:19','2015-08-22 16:06:19',4,NULL,103,'0.00',4,84,NULL),(90,0,'0.00','Dr','2015-08-22','On Account',5,'0.00','2015-08-22 16:18:26','2015-08-22 16:18:26',4,NULL,104,'0.00',4,85,NULL),(91,0,'200000.00','Dr','2015-07-06','003',5,'45.00','2015-08-22 17:21:41','2015-08-22 17:21:41',4,NULL,77,'200000.00',3,86,120),(92,0,'0.00','Dr','2015-08-22','On Account',5,'0.00','2015-08-22 17:55:17','2015-08-22 17:55:17',4,NULL,105,'0.00',4,87,NULL),(93,0,'0.00','Dr','2015-08-22','On Account',5,'0.00','2015-08-22 17:55:42','2015-08-22 17:55:42',4,NULL,106,'0.00',4,88,NULL),(94,0,'0.00','Dr','2015-08-22','On Account',5,'0.00','2015-08-22 18:14:05','2015-08-22 18:14:05',4,NULL,107,'0.00',4,89,NULL),(95,0,'15000.00','Dr','2015-09-04','98',5,'45.00','2015-09-04 14:56:00','2015-09-04 14:56:00',4,NULL,78,'15000.00',3,90,147),(96,0,'0.00','Dr','2015-09-10','On Account',5,'0.00','2015-09-10 15:06:47','2015-09-10 15:06:47',4,NULL,127,'0.00',4,91,NULL),(97,0,'0.00','Dr','2015-09-12','On Account',5,'0.00','2015-09-12 12:32:25','2015-09-12 12:32:25',4,NULL,128,'0.00',4,92,NULL),(98,0,'0.00','Dr','2015-09-12','On Account',5,'0.00','2015-09-12 13:01:06','2015-09-12 13:01:06',4,NULL,130,'0.00',4,93,NULL),(99,0,'0.00','Cr','2015-09-14','On Account',6,'0.00','2015-09-14 14:51:27','2015-09-14 14:51:27',5,NULL,131,'0.00',4,94,NULL),(100,0,'0.00','Cr','2015-09-14','On Account',6,'0.00','2015-09-14 14:52:13','2015-09-14 14:52:13',5,NULL,132,'0.00',4,95,NULL),(102,0,'0.00','Dr','2015-09-14','On Account',6,'0.00','2015-09-14 14:53:50','2015-09-14 14:53:50',5,NULL,134,'0.00',4,97,NULL),(104,0,'0.00','Dr','2015-09-14','On Account',6,'0.00','2015-09-14 14:58:43','2015-09-14 14:58:43',5,NULL,136,'0.00',4,98,NULL),(105,0,'0.00','Dr','2015-09-14','On Account',6,'0.00','2015-09-14 14:59:15','2015-09-14 14:59:15',5,NULL,137,'0.00',4,99,NULL),(107,0,'0.00','Dr','2015-09-14','On Account',6,'0.00','2015-09-14 15:05:49','2015-09-14 15:05:49',5,NULL,139,'0.00',4,100,NULL),(108,0,'0.00','Dr','2015-09-14','On Account',6,'0.00','2015-09-14 15:06:33','2015-09-14 15:06:33',5,NULL,140,'0.00',4,101,NULL),(109,0,'0.00','Dr','2015-09-14','On Account',6,'0.00','2015-09-14 15:07:34','2015-09-14 15:07:34',5,NULL,141,'0.00',4,102,NULL),(110,0,'0.00','Dr','2015-09-14','On Account',6,'0.00','2015-09-14 15:08:25','2015-09-14 15:08:25',5,NULL,142,'0.00',4,103,NULL),(111,0,'0.00','Dr','2015-09-14','On Account',6,'0.00','2015-09-14 15:11:00','2015-09-14 15:11:00',5,NULL,143,'0.00',4,104,NULL),(113,0,'0.00','Dr','2015-09-14','On Account',6,'0.00','2015-09-14 15:12:19','2015-09-14 15:12:19',5,NULL,145,'0.00',4,106,NULL),(114,0,'0.00','Dr','2015-09-14','On Account',6,'0.00','2015-09-14 15:12:53','2015-09-14 15:12:53',5,NULL,146,'0.00',4,107,NULL),(115,0,'0.00','Dr','2015-09-14','On Account',6,'0.00','2015-09-14 15:13:43','2015-09-14 15:13:43',5,NULL,147,'0.00',4,108,NULL),(116,0,'0.00','Dr','2015-09-14','On Account',6,'0.00','2015-09-14 15:14:09','2015-09-14 15:14:09',5,NULL,148,'0.00',4,109,NULL),(117,0,'0.00','Dr','2015-09-14','On Account',6,'0.00','2015-09-14 15:14:55','2015-09-14 15:14:55',5,NULL,149,'0.00',4,110,NULL),(119,0,'0.00','Dr','2015-09-14','On Account',6,'0.00','2015-09-14 15:17:47','2015-09-14 15:17:47',5,NULL,151,'0.00',4,112,NULL),(120,0,'0.00','Dr','2015-09-14','On Account',6,'0.00','2015-09-14 15:18:19','2015-09-14 15:18:19',5,NULL,152,'0.00',4,113,NULL),(122,0,'0.00','Dr','2015-09-14','On Account',6,'0.00','2015-09-14 15:19:26','2015-09-14 15:19:26',5,NULL,154,'0.00',4,115,NULL),(123,0,'0.00','Dr','2015-09-14','On Account',6,'0.00','2015-09-14 15:20:30','2015-09-14 15:20:30',5,NULL,155,'0.00',4,116,NULL),(124,0,'0.00','Dr','2015-09-14','On Account',6,'0.00','2015-09-14 15:21:31','2015-09-14 15:21:31',5,NULL,156,'0.00',4,117,NULL),(125,0,'0.00','Dr','2015-09-14','On Account',6,'0.00','2015-09-14 15:22:32','2015-09-14 15:22:32',5,NULL,157,'0.00',4,118,NULL),(126,0,'0.00','Dr','2015-09-14','On Account',6,'0.00','2015-09-14 15:31:17','2015-09-14 15:31:17',5,NULL,158,'0.00',4,119,NULL),(127,0,'0.00','Dr','2015-09-14','On Account',6,'0.00','2015-09-14 15:36:17','2015-09-14 15:36:17',5,NULL,159,'0.00',4,120,NULL),(128,0,'0.00','Dr','2015-09-14','On Account',6,'0.00','2015-09-14 15:36:42','2015-09-14 15:36:42',5,NULL,160,'0.00',4,121,NULL),(129,0,'0.00','Dr','2015-09-14','On Account',6,'0.00','2015-09-14 15:37:10','2015-09-14 15:37:10',5,NULL,161,'0.00',4,122,NULL),(130,0,'0.00','Dr','2015-09-14','On Account',6,'0.00','2015-09-14 15:37:36','2015-09-14 15:37:36',5,NULL,162,'0.00',4,123,NULL),(131,0,'0.00','Dr','2015-09-14','On Account',6,'0.00','2015-09-14 15:38:02','2015-09-14 15:38:02',5,NULL,163,'0.00',4,124,NULL),(133,0,'0.00','Dr','2015-09-14','On Account',6,'0.00','2015-09-14 15:43:12','2015-09-14 15:43:12',5,NULL,165,'0.00',4,126,NULL),(135,0,'0.00','Dr','2015-09-14','On Account',6,'0.00','2015-09-14 15:44:05','2015-09-14 15:44:05',5,NULL,167,'0.00',4,128,NULL),(137,0,'0.00','Dr','2015-09-14','On Account',6,'0.00','2015-09-14 15:46:27','2015-09-14 15:46:27',5,NULL,170,'0.00',4,130,NULL),(142,0,'0.00','Dr','2015-09-14','On Account',6,'0.00','2015-09-14 15:50:40','2015-09-14 15:50:40',5,NULL,175,'0.00',4,134,NULL),(143,0,'0.00','Dr','2015-09-14','On Account',6,'0.00','2015-09-14 15:51:33','2015-09-14 15:51:33',5,NULL,176,'0.00',4,135,NULL),(144,0,'0.00','Dr','2015-09-14','On Account',6,'0.00','2015-09-14 15:54:09','2015-09-14 15:54:09',5,NULL,177,'0.00',4,136,NULL),(145,0,'0.00','Dr','2015-09-14','On Account',6,'0.00','2015-09-14 15:55:15','2015-09-14 15:55:15',5,NULL,178,'0.00',4,137,NULL),(146,0,'0.00','Dr','2015-09-14','On Account',6,'0.00','2015-09-14 15:57:03','2015-09-14 15:57:03',5,NULL,179,'0.00',4,138,NULL),(147,0,'0.00','Dr','2015-09-14','On Account',6,'0.00','2015-09-14 16:00:17','2015-09-14 16:00:17',5,NULL,180,'0.00',4,139,NULL),(148,0,'0.00','Dr','2015-09-14','On Account',6,'0.00','2015-09-14 16:01:10','2015-09-14 16:01:10',5,NULL,181,'0.00',4,140,NULL),(149,0,'0.00','Dr','2015-09-14','On Account',6,'0.00','2015-09-14 16:01:46','2015-09-14 16:01:46',5,NULL,182,'0.00',4,141,NULL),(150,0,'0.00','Dr','2015-09-14','On Account',6,'0.00','2015-09-14 16:02:22','2015-09-14 16:02:22',5,NULL,183,'0.00',4,142,NULL),(151,0,'0.00','Dr','2015-09-14','On Account',6,'0.00','2015-09-14 16:02:44','2015-09-14 16:02:44',5,NULL,184,'0.00',4,143,NULL),(152,0,'0.00','Dr','2015-09-14','On Account',6,'0.00','2015-09-14 16:03:32','2015-09-14 16:03:32',5,NULL,185,'0.00',4,144,NULL),(153,0,'0.00','Dr','2015-09-14','On Account',6,'0.00','2015-09-14 16:04:06','2015-09-14 16:04:06',5,NULL,186,'0.00',4,145,NULL),(154,0,'0.00','Dr','2015-09-14','On Account',6,'0.00','2015-09-14 16:06:59','2015-09-14 16:06:59',5,NULL,187,'0.00',4,146,NULL),(155,0,'0.00','Dr','2015-09-14','On Account',6,'0.00','2015-09-14 16:07:23','2015-09-14 16:07:23',5,NULL,188,'0.00',4,147,NULL),(156,0,'0.00','Dr','2015-09-14','On Account',6,'0.00','2015-09-14 16:08:02','2015-09-14 16:08:02',5,NULL,189,'0.00',4,148,NULL),(157,0,'0.00','Dr','2015-09-14','On Account',6,'0.00','2015-09-14 16:08:31','2015-09-14 16:08:31',5,NULL,190,'0.00',4,149,NULL),(158,0,'0.00','Dr','2015-09-14','On Account',6,'0.00','2015-09-14 16:09:34','2015-09-14 16:09:34',5,NULL,191,'0.00',4,150,NULL),(159,0,'0.00','Dr','2015-09-14','On Account',6,'0.00','2015-09-14 16:09:52','2015-09-14 16:09:52',5,NULL,192,'0.00',4,151,NULL),(160,0,'0.00','Dr','2015-09-14','On Account',6,'0.00','2015-09-14 16:10:26','2015-09-14 16:10:26',5,NULL,193,'0.00',4,152,NULL),(161,0,'0.00','Dr','2015-09-14','On Account',6,'0.00','2015-09-14 16:10:52','2015-09-14 16:10:52',5,NULL,194,'0.00',4,153,NULL),(162,0,'0.00','Dr','2015-09-14','On Account',6,'0.00','2015-09-14 16:11:15','2015-09-14 16:11:15',5,NULL,195,'0.00',4,154,NULL),(163,0,'0.00','Dr','2015-09-14','On Account',6,'0.00','2015-09-14 16:11:41','2015-09-14 16:11:41',5,NULL,196,'0.00',4,155,NULL),(164,0,'0.00','Dr','2015-09-14','On Account',6,'0.00','2015-09-14 16:12:02','2015-09-14 16:12:02',5,NULL,197,'0.00',4,156,NULL),(165,0,'0.00','Dr','2015-09-14','On Account',6,'0.00','2015-09-14 16:15:40','2015-09-14 16:15:40',5,NULL,198,'0.00',4,157,NULL),(166,0,'0.00','Dr','2015-09-14','On Account',6,'0.00','2015-09-14 16:16:47','2015-09-14 16:16:47',5,NULL,199,'0.00',4,158,NULL),(167,0,'0.00','Dr','2015-09-14','On Account',6,'0.00','2015-09-14 16:25:29','2015-09-14 16:25:29',5,NULL,200,'0.00',4,159,NULL),(169,0,'0.00','Dr','2015-09-14','On Account',6,'0.00','2015-09-14 17:39:12','2015-09-14 17:39:12',5,NULL,203,'0.00',4,160,NULL),(170,0,'0.00','Dr','2015-09-14','On Account',6,'0.00','2015-09-14 17:42:56','2015-09-14 17:42:56',5,NULL,204,'0.00',4,161,NULL),(171,4,'700000.00','Dr','2015-04-01','001/1516',6,'30.00','2015-09-14 17:44:41','2015-09-14 19:48:08',5,NULL,168,'-550000.00',3,162,171),(172,2,'1152000.00','Cr','2015-04-02','001',6,'45.00','2015-09-14 18:34:39','2015-09-14 19:11:56',5,NULL,150,'-698000.00',3,163,184),(173,0,'526000.00','Dr','2015-04-06','007/1516',6,'30.00','2015-09-14 18:48:29','2015-09-14 18:48:29',5,NULL,169,'526000.00',3,164,195),(174,0,'825000.00','Cr','2015-04-20','002/1516',6,'30.00','2015-09-14 19:09:58','2015-09-14 19:09:58',5,NULL,166,'825000.00',3,165,201),(175,0,'0.00','Dr','2015-09-14','On Account',6,'0.00','2015-09-14 20:08:16','2015-09-14 20:08:16',5,NULL,205,'0.00',4,166,NULL),(176,0,'0.00','Dr','2015-09-14','On Account',6,'0.00','2015-09-14 20:12:32','2015-09-14 20:12:32',5,NULL,206,'0.00',4,167,NULL),(177,0,'0.00','Dr','2015-10-13','On Account',6,'0.00','2015-10-13 19:35:16','2015-10-13 19:35:16',5,NULL,207,'0.00',4,168,NULL),(178,0,'12000.00','Dr','2015-10-14','456',6,'30.00','2015-10-14 12:26:47','2015-10-14 12:26:47',5,NULL,201,'12000.00',3,169,237);

/*Table structure for table `role` */

DROP TABLE IF EXISTS `role`;

CREATE TABLE `role` (
  `id` bigint(20) NOT NULL AUTO_INCREMENT,
  `version` bigint(20) NOT NULL,
  `company_id` bigint(20) NOT NULL,
  `date_created` datetime NOT NULL,
  `last_updated` datetime NOT NULL,
  `last_updated_by_id` bigint(20) NOT NULL,
  `name` varchar(255) NOT NULL,
  `unique_key` int(11) NOT NULL,
  PRIMARY KEY (`id`),
  KEY `FK_1r0c73gb0d2vwt6he3fy7dwc` (`company_id`),
  KEY `FK_him0cy5xim2y9qc7abr5efauv` (`last_updated_by_id`),
  CONSTRAINT `FK_1r0c73gb0d2vwt6he3fy7dwc` FOREIGN KEY (`company_id`) REFERENCES `company` (`id`),
  CONSTRAINT `FK_him0cy5xim2y9qc7abr5efauv` FOREIGN KEY (`last_updated_by_id`) REFERENCES `user` (`id`)
) ENGINE=InnoDB AUTO_INCREMENT=5 DEFAULT CHARSET=latin1;

/*Data for the table `role` */

insert  into `role`(`id`,`version`,`company_id`,`date_created`,`last_updated`,`last_updated_by_id`,`name`,`unique_key`) values (1,0,1,'2015-05-15 19:13:16','2015-05-15 19:13:16',1,'Admin_Authority',1),(2,0,1,'2015-05-15 19:50:25','2015-05-15 19:50:25',1,'yogi_system_authority',2),(3,0,1,'2015-08-22 10:36:53','2015-08-22 10:36:53',1,'YOGI WIRES ROLE',3),(4,0,5,'2015-09-04 11:47:47','2015-09-04 11:47:47',4,'Rakesh role',4);

/*Table structure for table `role_child` */

DROP TABLE IF EXISTS `role_child`;

CREATE TABLE `role_child` (
  `id` bigint(20) NOT NULL AUTO_INCREMENT,
  `version` bigint(20) NOT NULL,
  `can_add` bit(1) NOT NULL,
  `can_delete` bit(1) NOT NULL,
  `can_print` bit(1) NOT NULL,
  `can_update` bit(1) NOT NULL,
  `can_view` bit(1) NOT NULL,
  `company_id` bigint(20) NOT NULL,
  `parent_screen_id` bigint(20) NOT NULL,
  `role_id` bigint(20) NOT NULL,
  `screen_id` bigint(20) NOT NULL,
  `status` bit(1) NOT NULL,
  `unique_key` int(11) NOT NULL,
  PRIMARY KEY (`id`),
  KEY `FK_n9iu1i0hscbvnr72j15onmh0x` (`company_id`),
  KEY `FK_lwpuxtehnhffxc0orabc7567m` (`parent_screen_id`),
  KEY `FK_p9ndbwkq150e9749ehgir56yv` (`role_id`),
  KEY `FK_8gpjjvoph5cqf5cavh7riaho5` (`screen_id`),
  CONSTRAINT `FK_8gpjjvoph5cqf5cavh7riaho5` FOREIGN KEY (`screen_id`) REFERENCES `screen` (`id`),
  CONSTRAINT `FK_lwpuxtehnhffxc0orabc7567m` FOREIGN KEY (`parent_screen_id`) REFERENCES `screen` (`id`),
  CONSTRAINT `FK_n9iu1i0hscbvnr72j15onmh0x` FOREIGN KEY (`company_id`) REFERENCES `company` (`id`),
  CONSTRAINT `FK_p9ndbwkq150e9749ehgir56yv` FOREIGN KEY (`role_id`) REFERENCES `role` (`id`)
) ENGINE=InnoDB AUTO_INCREMENT=100 DEFAULT CHARSET=latin1;

/*Data for the table `role_child` */

insert  into `role_child`(`id`,`version`,`can_add`,`can_delete`,`can_print`,`can_update`,`can_view`,`company_id`,`parent_screen_id`,`role_id`,`screen_id`,`status`,`unique_key`) values (1,0,'','','','','',1,3,1,16,'\0',1),(2,0,'','','','','',1,6,1,37,'\0',2),(3,0,'','','','','',1,3,1,20,'\0',3),(4,0,'','','','','',1,2,1,24,'\0',4),(5,0,'','','','','',1,5,1,28,'\0',5),(6,0,'','','','','',1,3,1,17,'\0',6),(7,0,'','','','','',1,2,1,27,'\0',7),(8,0,'','','','','',1,5,1,35,'\0',8),(9,0,'','','','','',1,5,1,33,'\0',9),(10,0,'','','','','',1,3,1,13,'\0',10),(11,0,'','','','','',1,2,1,14,'\0',11),(12,0,'','','','','',1,3,1,23,'\0',12),(13,0,'','','','','',1,1,1,8,'\0',13),(14,0,'','','','','',1,2,1,21,'\0',14),(15,0,'','','','','',1,4,1,26,'\0',15),(16,0,'','','','','',1,5,1,30,'\0',16),(17,0,'','','','','',1,2,1,15,'\0',17),(18,0,'','','','','',1,5,1,36,'\0',18),(19,0,'','','','','',1,1,1,7,'\0',19),(20,0,'','','','','',1,2,1,12,'\0',20),(21,0,'','','','','',1,3,1,18,'\0',21),(22,0,'','','','','',1,3,1,25,'\0',22),(23,0,'','','','','',1,2,1,22,'\0',23),(24,0,'','','','','',1,5,1,31,'\0',24),(25,0,'','','','','',1,2,1,19,'\0',25),(26,0,'','','','','',1,1,1,11,'\0',26),(27,0,'\0','\0','\0','\0','\0',1,2,2,19,'',27),(28,0,'\0','\0','\0','\0','\0',1,3,2,20,'',28),(29,0,'\0','\0','\0','\0','\0',1,2,2,27,'',29),(30,0,'\0','\0','\0','\0','\0',1,2,2,14,'',30),(31,0,'\0','\0','\0','\0','\0',1,3,2,13,'',31),(32,0,'\0','\0','\0','\0','\0',1,4,2,26,'',32),(33,0,'\0','\0','\0','\0','\0',1,1,2,8,'',33),(34,0,'\0','\0','\0','\0','\0',1,3,2,17,'',34),(35,0,'\0','\0','\0','\0','\0',1,2,2,22,'',35),(36,0,'\0','\0','\0','\0','\0',1,3,2,25,'',36),(37,0,'\0','\0','\0','\0','\0',1,2,2,15,'',37),(38,0,'\0','\0','\0','\0','\0',1,6,2,37,'',38),(39,0,'\0','\0','\0','\0','\0',1,1,2,11,'',39),(40,0,'\0','\0','\0','\0','\0',1,2,2,12,'',40),(41,0,'\0','\0','\0','\0','\0',1,3,2,18,'',41),(42,0,'\0','\0','\0','\0','\0',1,3,2,16,'',42),(43,0,'\0','\0','\0','\0','\0',1,3,2,23,'',43),(44,0,'\0','\0','\0','\0','\0',1,1,2,7,'',44),(45,0,'\0','\0','\0','\0','\0',1,2,2,21,'',45),(46,0,'\0','\0','\0','\0','\0',1,2,2,24,'',46),(47,0,'\0','\0','\0','\0','\0',1,5,2,28,'',47),(48,0,'\0','\0','\0','\0','\0',1,2,3,12,'',48),(49,0,'\0','\0','\0','\0','\0',1,2,3,19,'',49),(50,0,'\0','\0','\0','\0','\0',1,3,3,20,'',50),(51,0,'\0','\0','\0','\0','\0',1,5,3,33,'',51),(52,0,'\0','\0','\0','\0','\0',1,5,3,35,'',52),(53,0,'\0','\0','\0','\0','\0',1,5,3,31,'',53),(54,0,'\0','\0','\0','\0','\0',1,2,3,27,'',54),(55,0,'\0','\0','\0','\0','\0',1,2,3,21,'',55),(56,0,'\0','\0','\0','\0','\0',1,2,3,22,'',56),(57,0,'\0','\0','\0','\0','\0',1,3,3,13,'',57),(58,0,'\0','\0','\0','\0','\0',1,5,3,36,'',58),(59,0,'\0','\0','\0','\0','\0',1,3,3,23,'',59),(60,0,'\0','\0','\0','\0','\0',1,3,3,16,'',60),(61,0,'\0','\0','\0','\0','\0',1,2,3,15,'',61),(62,0,'\0','\0','\0','\0','\0',1,6,3,37,'',62),(63,0,'\0','\0','\0','\0','\0',1,5,3,28,'',63),(64,0,'\0','\0','\0','\0','\0',1,2,3,14,'',64),(65,0,'\0','\0','\0','\0','\0',1,3,3,17,'',65),(66,0,'\0','\0','\0','\0','\0',1,2,3,24,'',66),(67,0,'\0','\0','\0','\0','\0',1,1,3,11,'',67),(68,0,'\0','\0','\0','\0','\0',1,3,3,25,'',68),(69,0,'\0','\0','\0','\0','\0',1,3,3,18,'',69),(70,0,'\0','\0','\0','\0','\0',1,1,3,7,'',70),(71,0,'\0','\0','\0','\0','\0',1,1,3,8,'',71),(72,0,'\0','\0','\0','\0','\0',1,5,3,30,'',72),(73,0,'\0','\0','\0','\0','\0',1,4,3,26,'',73),(74,0,'\0','\0','\0','\0','\0',5,2,4,22,'',74),(75,0,'\0','\0','\0','\0','\0',5,4,4,26,'',75),(76,0,'\0','\0','\0','\0','\0',5,5,4,30,'',76),(77,0,'\0','\0','\0','\0','\0',5,2,4,15,'',77),(78,0,'\0','\0','\0','\0','\0',5,3,4,25,'',78),(79,0,'\0','\0','\0','\0','\0',5,3,4,13,'',79),(80,0,'\0','\0','\0','\0','\0',5,5,4,35,'',80),(81,0,'\0','\0','\0','\0','\0',5,3,4,20,'',81),(82,0,'\0','\0','\0','\0','\0',5,5,4,36,'',82),(83,0,'\0','\0','\0','\0','\0',5,5,4,31,'',83),(84,0,'\0','\0','\0','\0','\0',5,2,4,12,'',84),(85,0,'\0','\0','\0','\0','\0',5,3,4,23,'',85),(86,0,'\0','\0','\0','\0','\0',5,3,4,17,'',86),(87,0,'\0','\0','\0','\0','\0',5,2,4,19,'',87),(88,0,'\0','\0','\0','\0','\0',5,1,4,7,'',88),(89,0,'\0','\0','\0','\0','\0',5,2,4,21,'',89),(90,0,'\0','\0','\0','\0','\0',5,2,4,27,'',90),(91,0,'\0','\0','\0','\0','\0',5,1,4,11,'',91),(92,0,'\0','\0','\0','\0','\0',5,3,4,18,'',92),(93,0,'\0','\0','\0','\0','\0',5,2,4,14,'',93),(94,0,'\0','\0','\0','\0','\0',5,2,4,24,'',94),(95,0,'\0','\0','\0','\0','\0',5,6,4,37,'',95),(96,0,'\0','\0','\0','\0','\0',5,3,4,16,'',96),(97,0,'\0','\0','\0','\0','\0',5,1,4,8,'',97),(98,0,'\0','\0','\0','\0','\0',5,5,4,28,'',98),(99,0,'\0','\0','\0','\0','\0',5,5,4,33,'',99);

/*Table structure for table `screen` */

DROP TABLE IF EXISTS `screen`;

CREATE TABLE `screen` (
  `id` bigint(20) NOT NULL AUTO_INCREMENT,
  `version` bigint(20) NOT NULL,
  `controller` varchar(255) DEFAULT NULL,
  `domain_name` varchar(255) DEFAULT NULL,
  `filter` varchar(255) DEFAULT NULL,
  `link` varchar(255) DEFAULT NULL,
  `name` varchar(255) DEFAULT NULL,
  `parent_screen_id` bigint(20) DEFAULT NULL,
  `sort_list` int(11) NOT NULL,
  `unique_key` int(11) NOT NULL,
  PRIMARY KEY (`id`),
  KEY `FK_7sd9xrvnfry6m6o9kujfi2hmv` (`parent_screen_id`),
  CONSTRAINT `FK_7sd9xrvnfry6m6o9kujfi2hmv` FOREIGN KEY (`parent_screen_id`) REFERENCES `screen` (`id`)
) ENGINE=InnoDB AUTO_INCREMENT=43 DEFAULT CHARSET=latin1;

/*Data for the table `screen` */

insert  into `screen`(`id`,`version`,`controller`,`domain_name`,`filter`,`link`,`name`,`parent_screen_id`,`sort_list`,`unique_key`) values (1,0,NULL,NULL,NULL,NULL,'Master',NULL,1,1),(2,0,NULL,NULL,NULL,NULL,'Outstanding',NULL,5,5),(3,0,NULL,NULL,NULL,NULL,'Account Books',NULL,4,4),(4,0,NULL,NULL,NULL,NULL,'Statistics',NULL,6,6),(5,0,NULL,NULL,NULL,NULL,'Utilities',NULL,3,3),(6,0,NULL,NULL,NULL,NULL,'Transaction',NULL,2,2),(7,0,'accountGroup','Group',NULL,'/group/create','com.master.AccountGroupController',1,1,7),(8,0,'accountLedger','Ledger',NULL,'/ledger/create','com.master.AccountLedgerController',1,1,8),(9,0,'interestParameters','Ledger',NULL,'/ledger/create','com.master.InterestParametersController',NULL,1,9),(10,0,'parameters','Ledger',NULL,'/ledger/create','com.master.ParametersController',NULL,1,10),(11,0,'voucherType','VoucherType',NULL,'/voucherType/create','com.master.VoucherTypeController',1,1,11),(12,0,'balanceSheetReport','Balance Sheet',NULL,'/reports/balanceSheet','com.reports.BalanceSheetReportController',2,1,12),(13,0,'cashBankSummaryReport','Cash/Bank Summary',NULL,'/reports/cashBankSummary','com.reports.CashBankSummaryReportController',3,1,13),(14,0,'dayBookReport','Day Book',NULL,'/reports/dayBook','com.reports.DayBookReportController',2,1,14),(15,0,'groupOutstandingReport','Group Outstanding',NULL,'/reports/groupOutstanding','com.reports.GroupOutstandingReportController',2,1,15),(16,0,'groupSummaryReport','Group Summary',NULL,'/reports/groupSummary','com.reports.GroupSummaryReportController',3,1,16),(17,0,'groupVouchersReport','Group Vouchers',NULL,'/reports/groupVouchers','com.reports.GroupVouchersReportController',3,1,17),(18,0,'journalRegisterReport','Journal Register',NULL,'/reports/journalRegister','com.reports.JournalRegisterReportController',3,1,18),(19,0,'ledgerOutstandingReports','Ledger Outstanding',NULL,'/reports/ledgerOutstanding','com.reports.LedgerOutstandingReportsController',2,1,19),(20,0,'ledgerReport','Ledger Report',NULL,'/reports/ledgerReport','com.reports.LedgerReportController',3,1,20),(21,0,'payablesOutstandingReport','Payables Outstanding',NULL,'/reports/payablesOutstanding','com.reports.PayablesOutstandingReportController',2,1,21),(22,0,'profitAndLossAcReport','Profit And Loss Ac',NULL,'/reports/profitAndLossAc','com.reports.ProfitAndLossAcReportController',2,1,22),(23,0,'purchaseRegisterReport','Purchase Register',NULL,'/reports/purchaseRegister','com.reports.PurchaseRegisterReportController',3,1,23),(24,0,'receivablesOutstandingReport','Receivables Outstanding',NULL,'/reports/receivablesOutstanding','com.reports.ReceivablesOutstandingReportController',2,1,24),(25,0,'salesRegisterReport','Sales Register',NULL,'/reports/salesRegister','com.reports.SalesRegisterReportController',3,1,25),(26,0,'statisticsReport','Statistics Report',NULL,'/reports/statisticsReport','com.reports.StatisticsReportController',4,1,26),(27,0,'trailBalanceReport','Trail Balance',NULL,'/reports/trailBalance','com.reports.TrailBalanceReportController',2,1,27),(28,0,'company','Company',NULL,'/company/create','com.system.CompanyController',5,1,28),(29,0,'country','Company',NULL,'/company/create','com.system.CountryController',NULL,1,29),(30,0,'organization','Organization',NULL,'/organization/create','com.system.OrganizationController',5,1,30),(31,0,'role','Role',NULL,'/role/create','com.system.RoleController',5,1,31),(32,0,'screen','Role',NULL,'/role/create','com.system.ScreenController',NULL,1,32),(33,0,'split','Split Company',NULL,'/split/page','com.system.SplitController',5,1,33),(34,0,'state','Split Company',NULL,'/split/page','com.system.StateController',NULL,1,34),(35,0,'user','User',NULL,'/user/create','com.system.UserController',5,1,35),(36,0,'userRole','User Role',NULL,'/userRole/create','com.system.UserRoleController',5,1,36),(37,0,'voucher','Voucher',NULL,'/voucher/create','com.transaction.VoucherController',6,1,37),(38,0,'dbdoc','Voucher',NULL,'/voucher/create','grails.plugin.databasemigration.DbdocController',NULL,1,38),(39,0,'restfulApi','Voucher',NULL,'/voucher/create','net.hedtech.restfulapi.RestfulApiController',NULL,1,39),(40,0,'jasper','Voucher',NULL,'/voucher/create','org.codehaus.groovy.grails.plugins.jasper.JasperController',NULL,1,40),(41,0,'jasperDemo','Voucher',NULL,'/voucher/create','org.codehaus.groovy.grails.plugins.jasper.JasperDemoController',NULL,1,41),(42,0,'login','Voucher',NULL,'/voucher/create','yogiaccount.LoginController',NULL,1,42);

/*Table structure for table `state` */

DROP TABLE IF EXISTS `state`;

CREATE TABLE `state` (
  `id` bigint(20) NOT NULL AUTO_INCREMENT,
  `version` bigint(20) NOT NULL,
  `country_id` bigint(20) NOT NULL,
  `date_created` datetime NOT NULL,
  `last_updated` datetime NOT NULL,
  `name` varchar(255) NOT NULL,
  `unique_key` int(11) NOT NULL,
  PRIMARY KEY (`id`),
  KEY `FK_lxoqjm8644epv72af3k3jpalx` (`country_id`),
  CONSTRAINT `FK_lxoqjm8644epv72af3k3jpalx` FOREIGN KEY (`country_id`) REFERENCES `country` (`id`)
) ENGINE=InnoDB AUTO_INCREMENT=36 DEFAULT CHARSET=latin1;

/*Data for the table `state` */

insert  into `state`(`id`,`version`,`country_id`,`date_created`,`last_updated`,`name`,`unique_key`) values (1,0,1,'2015-05-15 19:13:15','2015-05-15 19:13:15','Andaman & Nicobar Island',1),(2,0,1,'2015-05-15 19:13:15','2015-05-15 19:13:15','Andhra Pardesh',2),(3,0,1,'2015-05-15 19:13:15','2015-05-15 19:13:15','Arunachal Pardesh',3),(4,0,1,'2015-05-15 19:13:15','2015-05-15 19:13:15','Assam',4),(5,0,1,'2015-05-15 19:13:15','2015-05-15 19:13:15','Bihar',5),(6,0,1,'2015-05-15 19:13:15','2015-05-15 19:13:15','Chandigarh',6),(7,0,1,'2015-05-15 19:13:15','2015-05-15 19:13:15','Chhattisgarh',7),(8,0,1,'2015-05-15 19:13:15','2015-05-15 19:13:15','Dadra & Nagar Haveli',8),(9,0,1,'2015-05-15 19:13:15','2015-05-15 19:13:15','Daman & Diu',9),(10,0,1,'2015-05-15 19:13:15','2015-05-15 19:13:15','Delhi',10),(11,0,1,'2015-05-15 19:13:15','2015-05-15 19:13:15','Goa',11),(12,0,1,'2015-05-15 19:13:15','2015-05-15 19:13:15','Gujrat',12),(13,0,1,'2015-05-15 19:13:15','2015-05-15 19:13:15','Haryana',13),(14,0,1,'2015-05-15 19:13:15','2015-05-15 19:13:15','Himachal Pardesh',14),(15,0,1,'2015-05-15 19:13:15','2015-05-15 19:13:15','Jammu & Kashmir',15),(16,0,1,'2015-05-15 19:13:15','2015-05-15 19:13:15','Jharkhand',16),(17,0,1,'2015-05-15 19:13:15','2015-05-15 19:13:15','Karanataka',17),(18,0,1,'2015-05-15 19:13:15','2015-05-15 19:13:15','Kerla',18),(19,0,1,'2015-05-15 19:13:15','2015-05-15 19:13:15','Lakshadweep',19),(20,0,1,'2015-05-15 19:13:15','2015-05-15 19:13:15','Madhya Pardesh',20),(21,0,1,'2015-05-15 19:13:15','2015-05-15 19:13:15','Maharashtra',21),(22,0,1,'2015-05-15 19:13:15','2015-05-15 19:13:15','Manipur',22),(23,0,1,'2015-05-15 19:13:15','2015-05-15 19:13:15','Meghalaya',23),(24,0,1,'2015-05-15 19:13:15','2015-05-15 19:13:15','Mizoram',24),(25,0,1,'2015-05-15 19:13:15','2015-05-15 19:13:15','Nagaland',25),(26,0,1,'2015-05-15 19:13:15','2015-05-15 19:13:15','Orissa',26),(27,0,1,'2015-05-15 19:13:15','2015-05-15 19:13:15','Paducherry',27),(28,0,1,'2015-05-15 19:13:15','2015-05-15 19:13:15','Punjab',28),(29,0,1,'2015-05-15 19:13:15','2015-05-15 19:13:15','Rajasthan',29),(30,0,1,'2015-05-15 19:13:15','2015-05-15 19:13:15','Sikkim',30),(31,0,1,'2015-05-15 19:13:15','2015-05-15 19:13:15','Tamilnadu',31),(32,0,1,'2015-05-15 19:13:15','2015-05-15 19:13:15','Tripura',32),(33,0,1,'2015-05-15 19:13:15','2015-05-15 19:13:15','Uttrakhand',33),(34,0,1,'2015-05-15 19:13:15','2015-05-15 19:13:15','Uttar Pardesh',34),(35,0,1,'2015-05-15 19:13:15','2015-05-15 19:13:15','West Bengal',35);

/*Table structure for table `statutory_info` */

DROP TABLE IF EXISTS `statutory_info`;

CREATE TABLE `statutory_info` (
  `id` bigint(20) NOT NULL AUTO_INCREMENT,
  `version` bigint(20) NOT NULL,
  `activatee1ore2transaction_vat` bit(1) NOT NULL,
  `allow_alteraion_of_tds_nature_of_payment_in_expense` bit(1) NOT NULL,
  `allow_alteraion_of_tds_rate_for_lower_deductions` bit(1) NOT NULL,
  `allow_select_of_vat_tax_during_entry` bit(1) NOT NULL,
  `assessee_code` varchar(255) DEFAULT NULL,
  `commisionerate_code` varchar(255) DEFAULT NULL,
  `commisionerate_name` varchar(255) DEFAULT NULL,
  `company_id` bigint(20) NOT NULL,
  `date_of_reg` date DEFAULT NULL,
  `division_code` varchar(255) DEFAULT NULL,
  `division_name` varchar(255) DEFAULT NULL,
  `enable_service_tax` bit(1) NOT NULL,
  `enable_value_added_tax` bit(1) NOT NULL,
  `inter_state_sales_tax_number` varchar(255) DEFAULT NULL,
  `is_large_tax_payer` bit(1) NOT NULL,
  `large_tax_payer_unit` varchar(255) DEFAULT NULL,
  `local_sales_tax_number` varchar(255) DEFAULT NULL,
  `pan_tax_no` varchar(255) DEFAULT NULL,
  `premises_code_no` varchar(255) DEFAULT NULL,
  `range_code` varchar(255) DEFAULT NULL,
  `range_name` varchar(255) DEFAULT NULL,
  `regular_vat_applicable_from` date DEFAULT NULL,
  `service_tax_alter_details` bit(1) NOT NULL,
  `service_tax_reg_no` varchar(255) DEFAULT NULL,
  `state_id` bigint(20) DEFAULT NULL,
  `tcs_alter_details` bit(1) NOT NULL,
  `tcs_deductor_collector_type_id` bigint(20) DEFAULT NULL,
  `tcs_designation` varchar(255) DEFAULT NULL,
  `tcs_enable_tax_collected_at_source` bit(1) NOT NULL,
  `tcs_income_tax_circleward` varchar(255) DEFAULT NULL,
  `tcs_responsible_person` varchar(255) DEFAULT NULL,
  `tcs_tax_assessment_no` varchar(255) DEFAULT NULL,
  `tds_alter_details` bit(1) NOT NULL,
  `tds_deductor_collector_type_id` bigint(20) DEFAULT NULL,
  `tds_designation` varchar(255) DEFAULT NULL,
  `tds_enable_tax_deducted_at_source` bit(1) NOT NULL,
  `tds_income_tax_circleward` varchar(255) DEFAULT NULL,
  `tds_responsible_person` varchar(255) DEFAULT NULL,
  `tds_tax_assessment_no` varchar(255) DEFAULT NULL,
  `type_of_dealer_id` bigint(20) DEFAULT NULL,
  `type_of_organization_id` bigint(20) DEFAULT NULL,
  `unique_key` int(11) NOT NULL,
  `vat_alter_details` bit(1) NOT NULL,
  `vat_tin_composition` varchar(255) DEFAULT NULL,
  `vat_tin_regular` varchar(255) DEFAULT NULL,
  PRIMARY KEY (`id`),
  KEY `FK_5sa9is52ivyso3p0j9agruqy` (`company_id`),
  KEY `FK_gk4d7j5momhdyv2mj7qkhxr6v` (`state_id`),
  KEY `FK_rtcidh8gphfeycf6og74v0en2` (`tcs_deductor_collector_type_id`),
  KEY `FK_imcdkr9ybqwjuy5qsj1u5iwlu` (`tds_deductor_collector_type_id`),
  KEY `FK_s0kf18my4crk72388hp1y7n9m` (`type_of_dealer_id`),
  KEY `FK_79g9k9epdkln7cic44n22gcs0` (`type_of_organization_id`),
  CONSTRAINT `FK_5sa9is52ivyso3p0j9agruqy` FOREIGN KEY (`company_id`) REFERENCES `company` (`id`),
  CONSTRAINT `FK_79g9k9epdkln7cic44n22gcs0` FOREIGN KEY (`type_of_organization_id`) REFERENCES `account_flag` (`id`),
  CONSTRAINT `FK_gk4d7j5momhdyv2mj7qkhxr6v` FOREIGN KEY (`state_id`) REFERENCES `state` (`id`),
  CONSTRAINT `FK_imcdkr9ybqwjuy5qsj1u5iwlu` FOREIGN KEY (`tds_deductor_collector_type_id`) REFERENCES `account_flag` (`id`),
  CONSTRAINT `FK_rtcidh8gphfeycf6og74v0en2` FOREIGN KEY (`tcs_deductor_collector_type_id`) REFERENCES `account_flag` (`id`),
  CONSTRAINT `FK_s0kf18my4crk72388hp1y7n9m` FOREIGN KEY (`type_of_dealer_id`) REFERENCES `account_flag` (`id`)
) ENGINE=InnoDB AUTO_INCREMENT=7 DEFAULT CHARSET=latin1;

/*Data for the table `statutory_info` */

insert  into `statutory_info`(`id`,`version`,`activatee1ore2transaction_vat`,`allow_alteraion_of_tds_nature_of_payment_in_expense`,`allow_alteraion_of_tds_rate_for_lower_deductions`,`allow_select_of_vat_tax_during_entry`,`assessee_code`,`commisionerate_code`,`commisionerate_name`,`company_id`,`date_of_reg`,`division_code`,`division_name`,`enable_service_tax`,`enable_value_added_tax`,`inter_state_sales_tax_number`,`is_large_tax_payer`,`large_tax_payer_unit`,`local_sales_tax_number`,`pan_tax_no`,`premises_code_no`,`range_code`,`range_name`,`regular_vat_applicable_from`,`service_tax_alter_details`,`service_tax_reg_no`,`state_id`,`tcs_alter_details`,`tcs_deductor_collector_type_id`,`tcs_designation`,`tcs_enable_tax_collected_at_source`,`tcs_income_tax_circleward`,`tcs_responsible_person`,`tcs_tax_assessment_no`,`tds_alter_details`,`tds_deductor_collector_type_id`,`tds_designation`,`tds_enable_tax_deducted_at_source`,`tds_income_tax_circleward`,`tds_responsible_person`,`tds_tax_assessment_no`,`type_of_dealer_id`,`type_of_organization_id`,`unique_key`,`vat_alter_details`,`vat_tin_composition`,`vat_tin_regular`) values (1,0,'\0','\0','\0','\0',NULL,NULL,NULL,1,NULL,NULL,NULL,'\0','\0',NULL,'\0',NULL,NULL,NULL,NULL,NULL,NULL,NULL,'\0',NULL,NULL,'\0',NULL,NULL,'\0',NULL,NULL,NULL,'\0',NULL,NULL,'\0',NULL,NULL,NULL,NULL,NULL,1,'\0',NULL,NULL),(2,0,'\0','\0','\0','\0',NULL,NULL,NULL,2,NULL,NULL,NULL,'\0','\0',NULL,'\0',NULL,NULL,NULL,NULL,NULL,NULL,NULL,'\0',NULL,NULL,'\0',NULL,NULL,'\0',NULL,NULL,NULL,'\0',NULL,NULL,'\0',NULL,NULL,NULL,NULL,NULL,2,'\0',NULL,NULL),(3,0,'\0','\0','\0','\0',NULL,NULL,NULL,3,NULL,NULL,NULL,'\0','\0',NULL,'\0',NULL,NULL,NULL,NULL,NULL,NULL,NULL,'\0',NULL,NULL,'\0',NULL,NULL,'\0',NULL,NULL,NULL,'\0',NULL,NULL,'\0',NULL,NULL,NULL,NULL,NULL,3,'\0',NULL,NULL),(4,0,'\0','\0','\0','\0',NULL,NULL,NULL,4,NULL,NULL,NULL,'\0','\0',NULL,'\0',NULL,NULL,NULL,NULL,NULL,NULL,NULL,'\0',NULL,NULL,'\0',NULL,NULL,'\0',NULL,NULL,NULL,'\0',NULL,NULL,'\0',NULL,NULL,NULL,NULL,NULL,4,'\0',NULL,NULL),(5,0,'\0','\0','\0','\0',NULL,NULL,NULL,5,NULL,NULL,NULL,'\0','\0',NULL,'\0',NULL,NULL,NULL,NULL,NULL,NULL,NULL,'\0',NULL,NULL,'\0',NULL,NULL,'\0',NULL,NULL,NULL,'\0',NULL,NULL,'\0',NULL,NULL,NULL,NULL,NULL,5,'\0',NULL,NULL),(6,0,'\0','\0','\0','\0',NULL,NULL,NULL,6,NULL,NULL,NULL,'\0','\0',NULL,'\0',NULL,NULL,NULL,NULL,NULL,NULL,NULL,'\0',NULL,NULL,'\0',NULL,NULL,'\0',NULL,NULL,NULL,'\0',NULL,NULL,'\0',NULL,NULL,NULL,NULL,NULL,6,'\0',NULL,NULL);

/*Table structure for table `tax_setting` */

DROP TABLE IF EXISTS `tax_setting`;

CREATE TABLE `tax_setting` (
  `id` bigint(20) NOT NULL AUTO_INCREMENT,
  `version` bigint(20) NOT NULL,
  `company_id` bigint(20) NOT NULL,
  `date_created` datetime NOT NULL,
  `is_display` bit(1) NOT NULL,
  `last_updated` datetime NOT NULL,
  `tax_id` bigint(20) NOT NULL,
  `unique_key` int(11) NOT NULL,
  PRIMARY KEY (`id`),
  KEY `FK_gge4ng9o1svyuhr1sxftv272u` (`company_id`),
  KEY `FK_j2hclh9wtwhq5d6h97fk4al7o` (`tax_id`),
  CONSTRAINT `FK_gge4ng9o1svyuhr1sxftv272u` FOREIGN KEY (`company_id`) REFERENCES `company` (`id`),
  CONSTRAINT `FK_j2hclh9wtwhq5d6h97fk4al7o` FOREIGN KEY (`tax_id`) REFERENCES `account_flag` (`id`)
) ENGINE=InnoDB AUTO_INCREMENT=36 DEFAULT CHARSET=latin1;

/*Data for the table `tax_setting` */

insert  into `tax_setting`(`id`,`version`,`company_id`,`date_created`,`is_display`,`last_updated`,`tax_id`,`unique_key`) values (1,0,2,'2015-05-15 19:49:08','','2015-05-15 19:49:08',5,1),(2,0,2,'2015-05-15 19:49:08','','2015-05-15 19:49:08',6,2),(3,0,2,'2015-05-15 19:49:08','\0','2015-05-15 19:49:08',7,3),(4,0,2,'2015-05-15 19:49:08','\0','2015-05-15 19:49:08',8,4),(5,0,2,'2015-05-15 19:49:08','\0','2015-05-15 19:49:08',9,5),(6,0,2,'2015-05-15 19:49:08','\0','2015-05-15 19:49:08',10,6),(7,0,2,'2015-05-15 19:49:08','\0','2015-05-15 19:49:08',11,7),(8,0,3,'2015-05-31 12:47:41','','2015-05-31 12:47:41',5,8),(9,0,3,'2015-05-31 12:47:41','','2015-05-31 12:47:41',6,9),(10,0,3,'2015-05-31 12:47:41','\0','2015-05-31 12:47:41',7,10),(11,0,3,'2015-05-31 12:47:41','\0','2015-05-31 12:47:41',8,11),(12,0,3,'2015-05-31 12:47:41','\0','2015-05-31 12:47:41',9,12),(13,0,3,'2015-05-31 12:47:41','\0','2015-05-31 12:47:41',10,13),(14,0,3,'2015-05-31 12:47:41','\0','2015-05-31 12:47:41',11,14),(15,0,4,'2015-05-31 13:04:46','','2015-05-31 13:04:46',5,15),(16,0,4,'2015-05-31 13:04:46','','2015-05-31 13:04:46',6,16),(17,0,4,'2015-05-31 13:04:46','\0','2015-05-31 13:04:46',7,17),(18,0,4,'2015-05-31 13:04:46','\0','2015-05-31 13:04:46',8,18),(19,0,4,'2015-05-31 13:04:46','\0','2015-05-31 13:04:46',9,19),(20,0,4,'2015-05-31 13:04:46','\0','2015-05-31 13:04:46',10,20),(21,0,4,'2015-05-31 13:04:47','\0','2015-05-31 13:04:47',11,21),(22,0,5,'2015-08-22 10:34:36','','2015-08-22 10:34:36',5,22),(23,0,5,'2015-08-22 10:34:36','','2015-08-22 10:34:36',6,23),(24,0,5,'2015-08-22 10:34:36','\0','2015-08-22 10:34:36',7,24),(25,0,5,'2015-08-22 10:34:36','\0','2015-08-22 10:34:36',8,25),(26,0,5,'2015-08-22 10:34:36','\0','2015-08-22 10:34:36',9,26),(27,0,5,'2015-08-22 10:34:36','\0','2015-08-22 10:34:36',10,27),(28,0,5,'2015-08-22 10:34:36','\0','2015-08-22 10:34:36',11,28),(29,0,6,'2015-09-04 11:46:42','','2015-09-04 11:46:42',5,29),(30,0,6,'2015-09-04 11:46:42','','2015-09-04 11:46:42',6,30),(31,0,6,'2015-09-04 11:46:42','\0','2015-09-04 11:46:42',7,31),(32,0,6,'2015-09-04 11:46:42','\0','2015-09-04 11:46:42',8,32),(33,0,6,'2015-09-04 11:46:42','\0','2015-09-04 11:46:42',9,33),(34,0,6,'2015-09-04 11:46:42','\0','2015-09-04 11:46:42',10,34),(35,0,6,'2015-09-04 11:46:42','\0','2015-09-04 11:46:42',11,35);

/*Table structure for table `user` */

DROP TABLE IF EXISTS `user`;

CREATE TABLE `user` (
  `id` bigint(20) NOT NULL AUTO_INCREMENT,
  `version` bigint(20) NOT NULL,
  `company_id` bigint(20) DEFAULT NULL,
  `date_created` datetime NOT NULL,
  `enable` bit(1) NOT NULL,
  `is_admin` bit(1) NOT NULL,
  `is_client` bit(1) NOT NULL,
  `last_updated` datetime NOT NULL,
  `organization_id` bigint(20) NOT NULL,
  `password` varchar(255) NOT NULL,
  `unique_key` int(11) NOT NULL,
  `use_multiple_company` bit(1) NOT NULL,
  `username` varchar(255) NOT NULL,
  PRIMARY KEY (`id`),
  KEY `FK_bteyn2vjkuydkfqefgaje2rhr` (`company_id`),
  KEY `FK_n3q5mbs97yqmvsah7yyji1i78` (`organization_id`),
  CONSTRAINT `FK_bteyn2vjkuydkfqefgaje2rhr` FOREIGN KEY (`company_id`) REFERENCES `company` (`id`) ON DELETE CASCADE,
  CONSTRAINT `FK_n3q5mbs97yqmvsah7yyji1i78` FOREIGN KEY (`organization_id`) REFERENCES `organization` (`id`)
) ENGINE=InnoDB AUTO_INCREMENT=6 DEFAULT CHARSET=latin1;

/*Data for the table `user` */

insert  into `user`(`id`,`version`,`company_id`,`date_created`,`enable`,`is_admin`,`is_client`,`last_updated`,`organization_id`,`password`,`unique_key`,`use_multiple_company`,`username`) values (1,0,1,'2015-05-15 19:13:15','','','\0','2015-08-20 15:19:23',1,'a',1,'\0','a@gmail.com'),(2,0,2,'2015-05-15 19:49:38','','\0','','2015-05-15 19:49:38',2,'b',2,'\0','b@gmail.com'),(3,0,3,'2015-05-31 13:06:45','','\0','','2015-05-31 13:06:45',2,'arun',3,'','arun@gmail.com'),(4,1,5,'2015-08-22 10:35:33','','\0','','2015-08-22 10:38:02',2,'RAVI',4,'','ravi@gmail.com'),(5,0,6,'2015-09-04 11:47:22','','\0','\0','2015-09-04 11:47:22',2,'r',5,'','r@gmail.com');

/*Table structure for table `user_role` */

DROP TABLE IF EXISTS `user_role`;

CREATE TABLE `user_role` (
  `id` bigint(20) NOT NULL AUTO_INCREMENT,
  `version` bigint(20) NOT NULL,
  `role_id` bigint(20) NOT NULL,
  `unique_key` int(11) NOT NULL,
  `user_id` bigint(20) NOT NULL,
  `company_id` bigint(20) DEFAULT NULL,
  `date_created` datetime NOT NULL,
  `last_updated` datetime NOT NULL,
  `organization_id` bigint(20) DEFAULT NULL,
  PRIMARY KEY (`id`),
  KEY `FK_it77eq964jhfqtu54081ebtio` (`role_id`),
  KEY `FK_apcc8lxk2xnug8377fatvbn04` (`user_id`),
  KEY `FK_r7k9tql6q48blye4aq72n25fy` (`company_id`),
  KEY `FK_998a3yue1lj8haalbtcvtslux` (`organization_id`),
  CONSTRAINT `FK_998a3yue1lj8haalbtcvtslux` FOREIGN KEY (`organization_id`) REFERENCES `organization` (`id`),
  CONSTRAINT `FK_apcc8lxk2xnug8377fatvbn04` FOREIGN KEY (`user_id`) REFERENCES `user` (`id`),
  CONSTRAINT `FK_it77eq964jhfqtu54081ebtio` FOREIGN KEY (`role_id`) REFERENCES `role` (`id`),
  CONSTRAINT `FK_r7k9tql6q48blye4aq72n25fy` FOREIGN KEY (`company_id`) REFERENCES `company` (`id`)
) ENGINE=InnoDB AUTO_INCREMENT=6 DEFAULT CHARSET=latin1;

/*Data for the table `user_role` */

insert  into `user_role`(`id`,`version`,`role_id`,`unique_key`,`user_id`,`company_id`,`date_created`,`last_updated`,`organization_id`) values (1,0,1,1,1,NULL,'0000-00-00 00:00:00','0000-00-00 00:00:00',NULL),(2,0,2,2,2,NULL,'0000-00-00 00:00:00','0000-00-00 00:00:00',NULL),(3,0,1,3,3,NULL,'0000-00-00 00:00:00','0000-00-00 00:00:00',NULL),(4,0,3,4,4,5,'2015-08-22 10:38:57','2015-08-22 10:38:57',2),(5,0,4,5,5,5,'2015-09-04 11:48:00','2015-09-04 11:48:00',2);

/*Table structure for table `voucher` */

DROP TABLE IF EXISTS `voucher`;

CREATE TABLE `voucher` (
  `id` bigint(20) NOT NULL AUTO_INCREMENT,
  `version` bigint(20) NOT NULL,
  `amount` decimal(19,2) NOT NULL,
  `amount_status` varchar(255) DEFAULT NULL,
  `buyer_address` varchar(255) DEFAULT NULL,
  `buyers` varchar(255) DEFAULT NULL,
  `company_id` bigint(20) NOT NULL,
  `cosignee_address` varchar(255) DEFAULT NULL,
  `cosignee_name` varchar(255) DEFAULT NULL,
  `date` date DEFAULT NULL,
  `date_created` datetime NOT NULL,
  `delivery_note_no` varchar(255) DEFAULT NULL,
  `despatch_doc_no` varchar(255) DEFAULT NULL,
  `despatch_through` varchar(255) DEFAULT NULL,
  `destination` varchar(255) DEFAULT NULL,
  `is_post_dated` bit(1) NOT NULL,
  `last_updated` datetime NOT NULL,
  `last_updated_by_id` bigint(20) NOT NULL,
  `mode_trems_of_payment` varchar(255) DEFAULT NULL,
  `narration` varchar(2048) DEFAULT NULL,
  `oredr_no` varchar(255) DEFAULT NULL,
  `other_reference` varchar(255) DEFAULT NULL,
  `party_name_id` bigint(20) DEFAULT NULL,
  `rate` decimal(19,2) NOT NULL,
  `reference_no` varchar(255) DEFAULT NULL,
  `row_status` varchar(255) DEFAULT NULL,
  `sales_ledger_id` bigint(20) DEFAULT NULL,
  `t_in_sales_tax_no` varchar(255) DEFAULT NULL,
  `terms_of_delivery` varchar(255) DEFAULT NULL,
  `unique_key` int(11) NOT NULL,
  `voucher_id` bigint(20) DEFAULT NULL,
  `voucher_no` varchar(255) DEFAULT NULL,
  `voucher_type_id` bigint(20) DEFAULT NULL,
  PRIMARY KEY (`id`),
  KEY `FK_61db5q9i22s9f79fojjml8x3e` (`company_id`),
  KEY `FK_j8uxncnicvlb1sdy4jsqnbfk7` (`last_updated_by_id`),
  KEY `FK_d8tegno7x8vka2lgltf3um48g` (`party_name_id`),
  KEY `FK_hql2nip1g7tn2r4ouobc9klld` (`sales_ledger_id`),
  KEY `FK_9pc9r97hw8ubc9fij01eqbnem` (`voucher_id`),
  KEY `FK_ougwo5b25nkcmpx2qfyax3v8b` (`voucher_type_id`),
  CONSTRAINT `FK_61db5q9i22s9f79fojjml8x3e` FOREIGN KEY (`company_id`) REFERENCES `company` (`id`),
  CONSTRAINT `FK_9pc9r97hw8ubc9fij01eqbnem` FOREIGN KEY (`voucher_id`) REFERENCES `voucher` (`id`),
  CONSTRAINT `FK_d8tegno7x8vka2lgltf3um48g` FOREIGN KEY (`party_name_id`) REFERENCES `account_ledger` (`id`),
  CONSTRAINT `FK_hql2nip1g7tn2r4ouobc9klld` FOREIGN KEY (`sales_ledger_id`) REFERENCES `account_ledger` (`id`),
  CONSTRAINT `FK_j8uxncnicvlb1sdy4jsqnbfk7` FOREIGN KEY (`last_updated_by_id`) REFERENCES `user` (`id`),
  CONSTRAINT `FK_ougwo5b25nkcmpx2qfyax3v8b` FOREIGN KEY (`voucher_type_id`) REFERENCES `voucher_type` (`id`)
) ENGINE=InnoDB AUTO_INCREMENT=241 DEFAULT CHARSET=latin1;

/*Data for the table `voucher` */

insert  into `voucher`(`id`,`version`,`amount`,`amount_status`,`buyer_address`,`buyers`,`company_id`,`cosignee_address`,`cosignee_name`,`date`,`date_created`,`delivery_note_no`,`despatch_doc_no`,`despatch_through`,`destination`,`is_post_dated`,`last_updated`,`last_updated_by_id`,`mode_trems_of_payment`,`narration`,`oredr_no`,`other_reference`,`party_name_id`,`rate`,`reference_no`,`row_status`,`sales_ledger_id`,`t_in_sales_tax_no`,`terms_of_delivery`,`unique_key`,`voucher_id`,`voucher_no`,`voucher_type_id`) values (8,0,'100.00','Cr',NULL,NULL,1,NULL,NULL,'2015-08-04','2015-08-04 10:55:46',NULL,NULL,NULL,NULL,'\0','2015-08-04 10:55:46',1,NULL,NULL,NULL,NULL,1,'0.00',NULL,NULL,NULL,NULL,NULL,8,NULL,'1',2),(9,0,'100.00','Dr',NULL,NULL,1,NULL,NULL,'2015-08-04','2015-08-04 10:55:46',NULL,NULL,NULL,NULL,'\0','2015-08-04 10:55:46',1,NULL,NULL,NULL,NULL,1,'0.00',NULL,NULL,NULL,NULL,NULL,9,8,NULL,NULL),(10,0,'10.00','Cr',NULL,NULL,1,NULL,NULL,'2015-08-04','2015-08-04 10:56:37',NULL,NULL,NULL,NULL,'\0','2015-08-04 10:56:37',1,NULL,NULL,NULL,NULL,1,'0.00',NULL,NULL,NULL,NULL,NULL,10,NULL,'1',2),(11,0,'10.00','Dr',NULL,NULL,1,NULL,NULL,'2015-08-04','2015-08-04 10:56:37',NULL,NULL,NULL,NULL,'\0','2015-08-04 10:56:37',1,NULL,NULL,NULL,NULL,1,'0.00',NULL,NULL,NULL,NULL,NULL,11,10,NULL,NULL),(12,0,'10.00','Cr',NULL,NULL,1,NULL,NULL,'2015-08-04','2015-08-04 11:03:05',NULL,NULL,NULL,NULL,'\0','2015-08-04 11:03:05',1,NULL,NULL,NULL,NULL,1,'0.00',NULL,NULL,NULL,NULL,NULL,12,NULL,'1',2),(13,0,'10.00','Dr',NULL,NULL,1,NULL,NULL,'2015-08-04','2015-08-04 11:03:05',NULL,NULL,NULL,NULL,'\0','2015-08-04 11:03:05',1,NULL,NULL,NULL,NULL,1,'0.00',NULL,NULL,NULL,NULL,NULL,13,12,NULL,NULL),(14,0,'120.00','Cr',NULL,NULL,1,NULL,NULL,'2015-08-04','2015-08-04 16:06:20',NULL,NULL,NULL,NULL,'\0','2015-08-04 16:06:20',1,NULL,NULL,NULL,NULL,1,'0.00',NULL,NULL,NULL,NULL,NULL,14,NULL,'1',2),(15,0,'120.00','Dr',NULL,NULL,1,NULL,NULL,'2015-08-04','2015-08-04 16:06:20',NULL,NULL,NULL,NULL,'\0','2015-08-04 16:06:20',1,NULL,NULL,NULL,NULL,1,'0.00',NULL,NULL,NULL,NULL,NULL,15,14,NULL,NULL),(16,0,'12.00','Cr',NULL,NULL,1,NULL,NULL,'2015-08-04','2015-08-04 16:09:37',NULL,NULL,NULL,NULL,'\0','2015-08-04 16:09:37',1,NULL,NULL,NULL,NULL,1,'0.00',NULL,NULL,NULL,NULL,NULL,16,NULL,'1',2),(17,0,'12.00','Dr',NULL,NULL,1,NULL,NULL,'2015-08-04','2015-08-04 16:09:37',NULL,NULL,NULL,NULL,'\0','2015-08-04 16:09:37',1,NULL,NULL,NULL,NULL,1,'0.00',NULL,NULL,NULL,NULL,NULL,17,16,NULL,NULL),(18,0,'10.00','Cr',NULL,NULL,1,NULL,NULL,'2015-08-04','2015-08-04 17:07:13',NULL,NULL,NULL,NULL,'\0','2015-08-04 17:07:13',1,NULL,NULL,NULL,NULL,1,'0.00',NULL,NULL,NULL,NULL,NULL,18,NULL,'1',2),(19,0,'10.00','Dr',NULL,NULL,1,NULL,NULL,'2015-08-04','2015-08-04 17:07:13',NULL,NULL,NULL,NULL,'\0','2015-08-04 17:07:13',1,NULL,NULL,NULL,NULL,1,'0.00',NULL,NULL,NULL,NULL,NULL,19,18,NULL,NULL),(26,0,'1250.00','Cr',NULL,NULL,1,NULL,NULL,'2015-08-03','2015-08-05 14:20:33',NULL,NULL,NULL,NULL,'\0','2015-08-05 14:20:33',1,NULL,NULL,NULL,NULL,40,'0.00',NULL,NULL,NULL,NULL,NULL,26,NULL,'4',2),(27,0,'1250.00','Dr',NULL,NULL,1,NULL,NULL,'2015-08-03','2015-08-05 14:20:33',NULL,NULL,NULL,NULL,'\0','2015-08-05 14:20:33',1,NULL,NULL,NULL,NULL,40,'0.00',NULL,NULL,NULL,NULL,NULL,27,26,NULL,NULL),(28,0,'1426.00','Cr',NULL,NULL,1,NULL,NULL,'2015-08-05','2015-08-05 14:21:16',NULL,NULL,NULL,NULL,'\0','2015-08-05 14:21:16',1,NULL,NULL,NULL,NULL,40,'0.00',NULL,NULL,NULL,NULL,NULL,28,NULL,'5',2),(29,0,'1426.00','Dr',NULL,NULL,1,NULL,NULL,'2015-08-05','2015-08-05 14:21:16',NULL,NULL,NULL,NULL,'\0','2015-08-05 14:21:16',1,NULL,NULL,NULL,NULL,40,'0.00',NULL,NULL,NULL,NULL,NULL,29,28,NULL,NULL),(30,0,'500.00','Cr',NULL,NULL,1,NULL,NULL,'2015-08-01','2015-08-05 16:08:04',NULL,NULL,NULL,NULL,'\0','2015-08-05 16:08:04',1,NULL,'gfdgfd',NULL,NULL,40,'0.00',NULL,NULL,NULL,NULL,NULL,30,NULL,'6',2),(31,0,'500.00','Dr',NULL,NULL,1,NULL,NULL,'2015-08-01','2015-08-05 16:08:04',NULL,NULL,NULL,NULL,'\0','2015-08-05 16:08:04',1,NULL,NULL,NULL,NULL,40,'0.00',NULL,NULL,NULL,NULL,NULL,31,30,NULL,NULL),(32,0,'100.00','Cr',NULL,NULL,1,NULL,NULL,'2015-08-13','2015-08-13 13:01:42',NULL,NULL,NULL,NULL,'\0','2015-08-13 13:01:42',1,NULL,NULL,NULL,NULL,40,'0.00',NULL,NULL,NULL,NULL,NULL,32,NULL,'1',1),(33,0,'100.00','Dr',NULL,NULL,1,NULL,NULL,'2015-08-13','2015-08-13 13:01:42',NULL,NULL,NULL,NULL,'\0','2015-08-13 13:01:42',1,NULL,NULL,NULL,NULL,43,'0.00',NULL,NULL,NULL,NULL,NULL,33,32,NULL,NULL),(34,0,'150.00','Cr',NULL,NULL,1,NULL,NULL,'2015-08-13','2015-08-13 13:03:26',NULL,NULL,NULL,NULL,'\0','2015-08-13 13:03:26',1,NULL,NULL,NULL,NULL,40,'0.00',NULL,NULL,NULL,NULL,NULL,34,NULL,'2',1),(35,0,'150.00','Dr',NULL,NULL,1,NULL,NULL,'2015-08-13','2015-08-13 13:03:26',NULL,NULL,NULL,NULL,'\0','2015-08-13 13:03:26',1,NULL,NULL,NULL,NULL,43,'0.00',NULL,NULL,NULL,NULL,NULL,35,34,NULL,NULL),(36,0,'100.00','Cr',NULL,NULL,1,NULL,NULL,'2015-08-17','2015-08-17 11:23:37',NULL,NULL,NULL,NULL,'\0','2015-08-17 11:23:37',1,NULL,NULL,NULL,NULL,40,'0.00',NULL,NULL,NULL,NULL,NULL,36,NULL,'3',1),(37,0,'100.00','Dr',NULL,NULL,1,NULL,NULL,'2015-08-17','2015-08-17 11:23:37',NULL,NULL,NULL,NULL,'\0','2015-08-17 11:23:37',1,NULL,NULL,NULL,NULL,43,'0.00',NULL,NULL,NULL,NULL,NULL,37,36,NULL,NULL),(38,0,'140.00','Cr',NULL,NULL,1,NULL,NULL,'2015-08-17','2015-08-17 11:48:34',NULL,NULL,NULL,NULL,'\0','2015-08-17 11:48:34',1,NULL,NULL,NULL,NULL,40,'0.00',NULL,NULL,NULL,NULL,NULL,38,NULL,'4',1),(39,0,'140.00','Dr',NULL,NULL,1,NULL,NULL,'2015-08-17','2015-08-17 11:48:34',NULL,NULL,NULL,NULL,'\0','2015-08-17 11:48:34',1,NULL,NULL,NULL,NULL,43,'0.00',NULL,NULL,NULL,NULL,NULL,39,38,NULL,NULL),(40,0,'2000.00','Cr',NULL,NULL,2,NULL,NULL,'2015-08-20','2015-08-20 15:08:44',NULL,NULL,NULL,NULL,'\0','2015-08-20 15:08:44',1,NULL,NULL,NULL,NULL,6,'0.00',NULL,NULL,NULL,NULL,NULL,40,NULL,'1',9),(41,0,'2000.00','Dr',NULL,NULL,2,NULL,NULL,'2015-08-20','2015-08-20 15:08:44',NULL,NULL,NULL,NULL,'\0','2015-08-20 15:08:44',1,NULL,NULL,NULL,NULL,18,'0.00',NULL,NULL,NULL,NULL,NULL,41,40,NULL,NULL),(42,0,'1000.00','Cr',NULL,NULL,1,NULL,NULL,'2015-08-21','2015-08-21 12:12:30',NULL,NULL,NULL,NULL,'\0','2015-08-21 12:12:30',1,NULL,NULL,NULL,NULL,40,'0.00',NULL,NULL,NULL,NULL,NULL,42,NULL,'5',1),(43,0,'1000.00','Dr',NULL,NULL,1,NULL,NULL,'2015-08-21','2015-08-21 12:12:30',NULL,NULL,NULL,NULL,'\0','2015-08-21 12:12:30',1,NULL,NULL,NULL,NULL,43,'0.00',NULL,NULL,NULL,NULL,NULL,43,42,NULL,NULL),(44,0,'20000.00','Cr',NULL,NULL,5,NULL,NULL,'2015-04-01','2015-08-22 11:38:30',NULL,NULL,NULL,NULL,'\0','2015-08-22 11:38:30',4,NULL,'cash received',NULL,NULL,58,'0.00',NULL,NULL,NULL,NULL,NULL,44,NULL,'1',37),(45,0,'20000.00','Dr',NULL,NULL,5,NULL,NULL,'2015-04-01','2015-08-22 11:38:30',NULL,NULL,NULL,NULL,'\0','2015-08-22 11:38:30',4,NULL,NULL,NULL,NULL,56,'0.00',NULL,NULL,NULL,NULL,NULL,45,44,NULL,NULL),(46,0,'5000.00','Cr',NULL,NULL,5,NULL,NULL,'2015-04-02','2015-08-22 11:41:02',NULL,NULL,NULL,NULL,'\0','2015-08-22 11:41:02',4,NULL,'cash deposited bank',NULL,NULL,56,'0.00',NULL,NULL,NULL,NULL,NULL,46,NULL,'1',34),(47,0,'5000.00','Dr',NULL,NULL,5,NULL,NULL,'2015-04-02','2015-08-22 11:41:02',NULL,NULL,NULL,NULL,'\0','2015-08-22 11:41:02',4,NULL,NULL,NULL,NULL,81,'0.00',NULL,NULL,NULL,NULL,NULL,47,46,NULL,NULL),(48,0,'2000.00','Dr',NULL,NULL,5,NULL,NULL,'2015-04-02','2015-08-22 11:47:05',NULL,NULL,NULL,NULL,'\0','2015-08-22 11:47:05',4,NULL,'purchases of plant & machinery',NULL,NULL,61,'0.00',NULL,NULL,NULL,NULL,NULL,48,NULL,'1',35),(49,0,'2000.00','Cr',NULL,NULL,5,NULL,NULL,'2015-04-02','2015-08-22 11:47:05',NULL,NULL,NULL,NULL,'\0','2015-08-22 11:47:05',4,NULL,NULL,NULL,NULL,82,'0.00',NULL,NULL,NULL,NULL,NULL,49,48,NULL,NULL),(50,0,'2000.00','Dr',NULL,NULL,5,NULL,NULL,'2015-04-05','2015-08-22 12:26:37',NULL,NULL,NULL,NULL,'\0','2015-08-22 12:26:37',4,NULL,'cash paid',NULL,NULL,82,'0.00',NULL,NULL,NULL,NULL,NULL,50,NULL,'1',36),(51,0,'2000.00','Cr',NULL,NULL,5,NULL,NULL,'2015-04-05','2015-08-22 12:26:37',NULL,NULL,NULL,NULL,'\0','2015-08-22 12:26:37',4,NULL,NULL,NULL,NULL,56,'0.00',NULL,NULL,NULL,NULL,NULL,51,50,NULL,NULL),(52,0,'100000.00','Cr',NULL,NULL,5,NULL,NULL,'2015-04-05','2015-08-22 12:45:56',NULL,NULL,NULL,NULL,'\0','2015-08-22 12:45:56',4,NULL,NULL,NULL,NULL,80,'0.00',NULL,NULL,NULL,NULL,NULL,52,NULL,'1',33),(53,0,'75000.00','Dr',NULL,NULL,5,NULL,NULL,'2015-04-05','2015-08-22 12:45:56',NULL,NULL,NULL,NULL,'\0','2015-08-22 12:45:56',4,NULL,NULL,NULL,NULL,65,'0.00',NULL,NULL,NULL,NULL,NULL,53,52,NULL,NULL),(54,0,'10000.00','Dr',NULL,NULL,5,NULL,NULL,'2015-04-05','2015-08-22 12:45:56',NULL,NULL,NULL,NULL,'\0','2015-08-22 12:45:56',4,NULL,NULL,NULL,NULL,83,'0.00',NULL,NULL,NULL,NULL,NULL,54,52,NULL,NULL),(55,0,'5000.00','Dr',NULL,NULL,5,NULL,NULL,'2015-04-05','2015-08-22 12:45:56',NULL,NULL,NULL,NULL,'\0','2015-08-22 12:45:56',4,NULL,NULL,NULL,NULL,84,'0.00',NULL,NULL,NULL,NULL,NULL,55,52,NULL,NULL),(56,0,'10000.00','Dr',NULL,NULL,5,NULL,NULL,'2015-04-05','2015-08-22 12:45:56',NULL,NULL,NULL,NULL,'\0','2015-08-22 12:45:56',4,NULL,NULL,NULL,NULL,69,'0.00',NULL,NULL,NULL,NULL,NULL,56,52,NULL,NULL),(57,0,'50000.00','Dr',NULL,NULL,5,NULL,NULL,'2015-05-06','2015-08-22 12:50:31',NULL,NULL,NULL,NULL,'\0','2015-08-22 12:50:31',4,NULL,NULL,NULL,NULL,77,'0.00',NULL,NULL,NULL,NULL,NULL,57,NULL,'0001',38),(58,0,'40000.00','Cr',NULL,NULL,5,NULL,NULL,'2015-05-06','2015-08-22 12:50:31',NULL,NULL,NULL,NULL,'\0','2015-08-22 12:50:31',4,NULL,NULL,NULL,NULL,63,'0.00',NULL,NULL,NULL,NULL,NULL,58,57,NULL,NULL),(59,0,'7000.00','Cr',NULL,NULL,5,NULL,NULL,'2015-05-06','2015-08-22 12:50:31',NULL,NULL,NULL,NULL,'\0','2015-08-22 12:50:31',4,NULL,NULL,NULL,NULL,85,'0.00',NULL,NULL,NULL,NULL,NULL,59,57,NULL,NULL),(60,0,'3000.00','Cr',NULL,NULL,5,NULL,NULL,'2015-05-06','2015-08-22 12:50:31',NULL,NULL,NULL,NULL,'\0','2015-08-22 12:50:31',4,NULL,NULL,NULL,NULL,67,'0.00',NULL,NULL,NULL,NULL,NULL,60,57,NULL,NULL),(61,0,'500000.00','Cr',NULL,NULL,5,NULL,NULL,'2015-05-01','2015-08-22 14:02:37',NULL,NULL,NULL,NULL,'\0','2015-08-22 14:02:37',4,NULL,'PURCHASE',NULL,NULL,80,'0.00',NULL,NULL,NULL,NULL,NULL,61,NULL,'2',33),(62,0,'425000.00','Dr',NULL,NULL,5,NULL,NULL,'2015-05-01','2015-08-22 14:02:37',NULL,NULL,NULL,NULL,'\0','2015-08-22 14:02:37',4,NULL,NULL,NULL,NULL,65,'0.00',NULL,NULL,NULL,NULL,NULL,62,61,NULL,NULL),(63,0,'50000.00','Dr',NULL,NULL,5,NULL,NULL,'2015-05-01','2015-08-22 14:02:37',NULL,NULL,NULL,NULL,'\0','2015-08-22 14:02:37',4,NULL,NULL,NULL,NULL,83,'0.00',NULL,NULL,NULL,NULL,NULL,63,61,NULL,NULL),(64,0,'25000.00','Dr',NULL,NULL,5,NULL,NULL,'2015-05-01','2015-08-22 14:02:37',NULL,NULL,NULL,NULL,'\0','2015-08-22 14:02:37',4,NULL,NULL,NULL,NULL,69,'0.00',NULL,NULL,NULL,NULL,NULL,64,61,NULL,NULL),(65,0,'200000.00','Cr',NULL,NULL,5,NULL,NULL,'2015-05-03','2015-08-22 14:04:43',NULL,NULL,NULL,NULL,'\0','2015-08-22 14:04:43',4,NULL,NULL,NULL,NULL,79,'0.00',NULL,NULL,NULL,NULL,NULL,65,NULL,'3',33),(66,0,'150000.00','Dr',NULL,NULL,5,NULL,NULL,'2015-05-03','2015-08-22 14:04:43',NULL,NULL,NULL,NULL,'\0','2015-08-22 14:04:43',4,NULL,NULL,NULL,NULL,65,'0.00',NULL,NULL,NULL,NULL,NULL,66,65,NULL,NULL),(67,0,'26000.00','Dr',NULL,NULL,5,NULL,NULL,'2015-05-03','2015-08-22 14:04:43',NULL,NULL,NULL,NULL,'\0','2015-08-22 14:04:43',4,NULL,NULL,NULL,NULL,83,'0.00',NULL,NULL,NULL,NULL,NULL,67,65,NULL,NULL),(68,0,'10000.00','Dr',NULL,NULL,5,NULL,NULL,'2015-05-03','2015-08-22 14:04:43',NULL,NULL,NULL,NULL,'\0','2015-08-22 14:04:43',4,NULL,NULL,NULL,NULL,84,'0.00',NULL,NULL,NULL,NULL,NULL,68,65,NULL,NULL),(69,0,'14000.00','Dr',NULL,NULL,5,NULL,NULL,'2015-05-03','2015-08-22 14:04:43',NULL,NULL,NULL,NULL,'\0','2015-08-22 14:04:43',4,NULL,NULL,NULL,NULL,69,'0.00',NULL,NULL,NULL,NULL,NULL,69,65,NULL,NULL),(70,0,'750000.00','Cr',NULL,NULL,5,NULL,NULL,'2015-07-05','2015-08-22 14:07:08',NULL,NULL,NULL,NULL,'\0','2015-08-22 14:07:08',4,NULL,NULL,NULL,NULL,79,'0.00',NULL,NULL,NULL,NULL,NULL,70,NULL,'4',33),(71,0,'675000.00','Dr',NULL,NULL,5,NULL,NULL,'2015-07-05','2015-08-22 14:07:08',NULL,NULL,NULL,NULL,'\0','2015-08-22 14:07:08',4,NULL,NULL,NULL,NULL,65,'0.00',NULL,NULL,NULL,NULL,NULL,71,70,NULL,NULL),(72,0,'50000.00','Dr',NULL,NULL,5,NULL,NULL,'2015-07-05','2015-08-22 14:07:08',NULL,NULL,NULL,NULL,'\0','2015-08-22 14:07:08',4,NULL,NULL,NULL,NULL,83,'0.00',NULL,NULL,NULL,NULL,NULL,72,70,NULL,NULL),(73,0,'25000.00','Dr',NULL,NULL,5,NULL,NULL,'2015-07-05','2015-08-22 14:07:08',NULL,NULL,NULL,NULL,'\0','2015-08-22 14:07:08',4,NULL,NULL,NULL,NULL,69,'0.00',NULL,NULL,NULL,NULL,NULL,73,70,NULL,NULL),(74,0,'1000000.00','Dr',NULL,NULL,5,NULL,NULL,'2015-05-06','2015-08-22 14:11:01',NULL,NULL,NULL,NULL,'\0','2015-08-22 14:11:01',4,NULL,NULL,NULL,NULL,77,'0.00',NULL,NULL,NULL,NULL,NULL,74,NULL,'2',38),(75,0,'875000.00','Cr',NULL,NULL,5,NULL,NULL,'2015-05-06','2015-08-22 14:11:01',NULL,NULL,NULL,NULL,'\0','2015-08-22 14:11:01',4,NULL,NULL,NULL,NULL,63,'0.00',NULL,NULL,NULL,NULL,NULL,75,74,NULL,NULL),(76,0,'100000.00','Cr',NULL,NULL,5,NULL,NULL,'2015-05-06','2015-08-22 14:11:01',NULL,NULL,NULL,NULL,'\0','2015-08-22 14:11:01',4,NULL,NULL,NULL,NULL,85,'0.00',NULL,NULL,NULL,NULL,NULL,76,74,NULL,NULL),(77,0,'25000.00','Cr',NULL,NULL,5,NULL,NULL,'2015-05-06','2015-08-22 14:11:01',NULL,NULL,NULL,NULL,'\0','2015-08-22 14:11:01',4,NULL,NULL,NULL,NULL,67,'0.00',NULL,NULL,NULL,NULL,NULL,77,74,NULL,NULL),(78,0,'650000.00','Dr',NULL,NULL,5,NULL,NULL,'2015-07-07','2015-08-22 14:21:59',NULL,NULL,NULL,NULL,'\0','2015-08-22 14:21:59',4,NULL,NULL,NULL,NULL,78,'0.00',NULL,NULL,NULL,NULL,NULL,78,NULL,'4',38),(79,0,'525000.00','Cr',NULL,NULL,5,NULL,NULL,'2015-07-07','2015-08-22 14:21:59',NULL,NULL,NULL,NULL,'\0','2015-08-22 14:21:59',4,NULL,NULL,NULL,NULL,63,'0.00',NULL,NULL,NULL,NULL,NULL,79,78,NULL,NULL),(80,0,'75000.00','Cr',NULL,NULL,5,NULL,NULL,'2015-07-07','2015-08-22 14:21:59',NULL,NULL,NULL,NULL,'\0','2015-08-22 14:21:59',4,NULL,NULL,NULL,NULL,85,'0.00',NULL,NULL,NULL,NULL,NULL,80,78,NULL,NULL),(81,0,'10000.00','Cr',NULL,NULL,5,NULL,NULL,'2015-07-07','2015-08-22 14:21:59',NULL,NULL,NULL,NULL,'\0','2015-08-22 14:21:59',4,NULL,NULL,NULL,NULL,86,'0.00',NULL,NULL,NULL,NULL,NULL,81,78,NULL,NULL),(82,0,'40000.00','Cr',NULL,NULL,5,NULL,NULL,'2015-07-07','2015-08-22 14:21:59',NULL,NULL,NULL,NULL,'\0','2015-08-22 14:21:59',4,NULL,NULL,NULL,NULL,67,'0.00',NULL,NULL,NULL,NULL,NULL,82,78,NULL,NULL),(83,0,'500000.00','Cr',NULL,NULL,5,NULL,NULL,'2015-08-06','2015-08-22 14:32:05',NULL,NULL,NULL,NULL,'\0','2015-08-22 14:32:05',4,NULL,NULL,NULL,NULL,78,'0.00',NULL,NULL,NULL,NULL,NULL,83,NULL,'2',37),(84,0,'500000.00','Dr',NULL,NULL,5,NULL,NULL,'2015-08-06','2015-08-22 14:32:05',NULL,NULL,NULL,NULL,'\0','2015-08-22 14:32:05',4,NULL,NULL,NULL,NULL,81,'0.00',NULL,NULL,NULL,NULL,NULL,84,83,NULL,NULL),(85,0,'500000.00','Dr',NULL,NULL,5,NULL,NULL,'2015-07-01','2015-08-22 14:45:20',NULL,NULL,NULL,NULL,'\0','2015-08-22 14:45:20',4,NULL,NULL,NULL,NULL,79,'0.00',NULL,NULL,NULL,NULL,NULL,85,NULL,'2',36),(86,0,'500000.00','Cr',NULL,NULL,5,NULL,NULL,'2015-07-01','2015-08-22 14:45:20',NULL,NULL,NULL,NULL,'\0','2015-08-22 14:45:20',4,NULL,NULL,NULL,NULL,81,'0.00',NULL,NULL,NULL,NULL,NULL,86,85,NULL,NULL),(87,0,'25000.00','Dr',NULL,NULL,5,NULL,NULL,'2015-05-06','2015-08-22 15:06:33',NULL,NULL,NULL,NULL,'\0','2015-08-22 15:06:33',4,NULL,NULL,NULL,NULL,73,'0.00',NULL,NULL,NULL,NULL,NULL,87,NULL,'3',36),(88,0,'25000.00','Cr',NULL,NULL,5,NULL,NULL,'2015-05-06','2015-08-22 15:06:33',NULL,NULL,NULL,NULL,'\0','2015-08-22 15:06:33',4,NULL,NULL,NULL,NULL,81,'0.00',NULL,NULL,NULL,NULL,NULL,88,87,NULL,NULL),(89,0,'18000.00','Dr',NULL,NULL,5,NULL,NULL,'2015-12-05','2015-08-22 15:10:46',NULL,NULL,NULL,NULL,'\0','2015-08-22 15:10:46',4,NULL,'repairs of machinery',NULL,NULL,71,'0.00',NULL,NULL,NULL,NULL,NULL,89,NULL,'2',35),(90,0,'18000.00','Cr',NULL,NULL,5,NULL,NULL,'2015-12-05','2015-08-22 15:10:46',NULL,NULL,NULL,NULL,'\0','2015-08-22 15:10:46',4,NULL,NULL,NULL,NULL,87,'0.00',NULL,NULL,NULL,NULL,NULL,90,89,NULL,NULL),(91,0,'120000.00','Dr',NULL,NULL,5,NULL,NULL,'2015-04-01','2015-08-22 15:14:59',NULL,NULL,NULL,NULL,'\0','2015-08-22 15:14:59',4,NULL,NULL,NULL,NULL,61,'0.00',NULL,NULL,NULL,NULL,NULL,91,NULL,'3',35),(92,0,'120000.00','Cr',NULL,NULL,5,NULL,NULL,'2015-04-01','2015-08-22 15:14:59',NULL,NULL,NULL,NULL,'\0','2015-08-22 15:14:59',4,NULL,NULL,NULL,NULL,89,'0.00',NULL,NULL,NULL,NULL,NULL,92,91,NULL,NULL),(93,0,'12000.00','Dr',NULL,NULL,5,NULL,NULL,'2015-09-30','2015-08-22 15:20:08',NULL,NULL,NULL,NULL,'\0','2015-08-22 15:20:08',4,NULL,NULL,NULL,NULL,88,'0.00',NULL,NULL,NULL,NULL,NULL,93,NULL,'4',35),(94,0,'12000.00','Cr',NULL,NULL,5,NULL,NULL,'2015-09-30','2015-08-22 15:20:08',NULL,NULL,NULL,NULL,'\0','2015-08-22 15:20:08',4,NULL,NULL,NULL,NULL,61,'0.00',NULL,NULL,NULL,NULL,NULL,94,93,NULL,NULL),(95,0,'50000.00','Dr',NULL,NULL,5,NULL,NULL,'2015-09-30','2015-08-22 15:47:37',NULL,NULL,NULL,NULL,'\0','2015-08-22 15:47:37',4,NULL,'rent paid',NULL,NULL,91,'0.00',NULL,NULL,NULL,NULL,NULL,95,NULL,'5',35),(96,0,'50000.00','Cr',NULL,NULL,5,NULL,NULL,'2015-09-30','2015-08-22 15:47:37',NULL,NULL,NULL,NULL,'\0','2015-08-22 15:47:37',4,NULL,NULL,NULL,NULL,59,'0.00',NULL,NULL,NULL,NULL,NULL,96,95,NULL,NULL),(97,0,'5000.00','Dr',NULL,NULL,5,NULL,NULL,'2015-09-30','2015-08-22 15:50:19',NULL,NULL,NULL,NULL,'\0','2015-08-22 15:50:19',4,NULL,'10%50000',NULL,NULL,59,'0.00',NULL,NULL,NULL,NULL,NULL,97,NULL,'6',35),(98,0,'5000.00','Cr',NULL,NULL,5,NULL,NULL,'2015-09-30','2015-08-22 15:50:19',NULL,NULL,NULL,NULL,'\0','2015-08-22 15:50:19',4,NULL,NULL,NULL,NULL,102,'0.00',NULL,NULL,NULL,NULL,NULL,98,97,NULL,NULL),(99,0,'50000.00','Cr',NULL,NULL,5,NULL,NULL,'2015-09-30','2015-08-22 16:07:43',NULL,NULL,NULL,NULL,'\0','2015-08-22 16:07:43',4,NULL,NULL,NULL,NULL,97,'0.00',NULL,NULL,NULL,NULL,NULL,99,NULL,'5',33),(100,0,'50000.00','Dr',NULL,NULL,5,NULL,NULL,'2015-09-30','2015-08-22 16:07:43',NULL,NULL,NULL,NULL,'\0','2015-08-22 16:07:43',4,NULL,NULL,NULL,NULL,103,'0.00',NULL,NULL,NULL,NULL,NULL,100,99,NULL,NULL),(101,0,'500.00','Dr',NULL,NULL,5,NULL,NULL,'2015-09-30','2015-08-22 16:09:02',NULL,NULL,NULL,NULL,'\0','2015-08-22 16:09:02',4,NULL,'1%',NULL,NULL,97,'0.00',NULL,NULL,NULL,NULL,NULL,101,NULL,'7',35),(102,0,'500.00','Cr',NULL,NULL,5,NULL,NULL,'2015-09-30','2015-08-22 16:09:02',NULL,NULL,NULL,NULL,'\0','2015-08-22 16:09:02',4,NULL,NULL,NULL,NULL,92,'0.00',NULL,NULL,NULL,NULL,NULL,102,101,NULL,NULL),(103,0,'75000.00','Dr',NULL,NULL,5,NULL,NULL,'2015-09-30','2015-08-22 16:10:56',NULL,NULL,NULL,NULL,'\0','2015-08-22 16:10:56',4,NULL,NULL,NULL,NULL,99,'0.00',NULL,NULL,NULL,NULL,NULL,103,NULL,'8',35),(107,0,'65000.00','Dr',NULL,NULL,5,NULL,NULL,'2015-09-30','2015-08-22 16:11:47',NULL,NULL,NULL,NULL,'\0','2015-08-22 16:11:47',4,NULL,NULL,NULL,NULL,98,'0.00',NULL,NULL,NULL,NULL,NULL,107,NULL,'4',36),(113,0,'500.00','Dr',NULL,NULL,5,NULL,NULL,'2015-09-30','2015-08-22 17:10:59',NULL,NULL,NULL,NULL,'\0','2015-08-22 17:10:59',4,NULL,NULL,NULL,NULL,92,'0.00',NULL,NULL,NULL,NULL,NULL,113,NULL,'5',36),(114,0,'500.00','Cr',NULL,NULL,5,NULL,NULL,'2015-09-30','2015-08-22 17:10:59',NULL,NULL,NULL,NULL,'\0','2015-08-22 17:10:59',4,NULL,NULL,NULL,NULL,81,'0.00',NULL,NULL,NULL,NULL,NULL,114,113,NULL,NULL),(115,0,'5000.00','Dr',NULL,NULL,5,NULL,NULL,'2015-09-30','2015-08-22 17:12:08',NULL,NULL,NULL,NULL,'\0','2015-08-22 17:12:08',4,NULL,NULL,NULL,NULL,92,'0.00',NULL,NULL,NULL,NULL,NULL,115,NULL,'6',36),(116,0,'5000.00','Cr',NULL,NULL,5,NULL,NULL,'2015-09-30','2015-08-22 17:12:08',NULL,NULL,NULL,NULL,'\0','2015-08-22 17:12:08',4,NULL,NULL,NULL,NULL,81,'0.00',NULL,NULL,NULL,NULL,NULL,116,115,NULL,NULL),(120,0,'200000.00','Dr',NULL,NULL,5,NULL,NULL,'2015-07-06','2015-08-22 17:21:41',NULL,NULL,NULL,NULL,'\0','2015-08-22 17:21:41',4,NULL,NULL,NULL,NULL,77,'0.00',NULL,NULL,NULL,NULL,NULL,119,NULL,'003',38),(121,0,'180000.00','Cr',NULL,NULL,5,NULL,NULL,'2015-07-06','2015-08-22 17:21:41',NULL,NULL,NULL,NULL,'\0','2015-08-22 17:21:41',4,NULL,NULL,NULL,NULL,63,'0.00',NULL,NULL,NULL,NULL,NULL,120,120,NULL,NULL),(122,0,'15000.00','Cr',NULL,NULL,5,NULL,NULL,'2015-07-06','2015-08-22 17:21:41',NULL,NULL,NULL,NULL,'\0','2015-08-22 17:21:41',4,NULL,NULL,NULL,NULL,85,'0.00',NULL,NULL,NULL,NULL,NULL,121,120,NULL,NULL),(123,0,'5000.00','Cr',NULL,NULL,5,NULL,NULL,'2015-07-06','2015-08-22 17:21:41',NULL,NULL,NULL,NULL,'\0','2015-08-22 17:21:41',4,NULL,NULL,NULL,NULL,67,'0.00',NULL,NULL,NULL,NULL,NULL,122,120,NULL,NULL),(124,0,'6000.00','Dr',NULL,NULL,5,NULL,NULL,'2015-09-30','2015-08-22 17:39:39',NULL,NULL,NULL,NULL,'\0','2015-08-22 17:39:39',4,NULL,'COMMISSION',NULL,NULL,104,'0.00',NULL,NULL,NULL,NULL,NULL,123,NULL,'11',35),(125,0,'6000.00','Cr',NULL,NULL,5,NULL,NULL,'2015-09-30','2015-08-22 17:39:39',NULL,NULL,NULL,NULL,'\0','2015-08-22 17:39:39',4,NULL,NULL,NULL,NULL,90,'0.00',NULL,NULL,NULL,NULL,NULL,124,124,NULL,NULL),(128,0,'65000.00','Cr',NULL,NULL,5,NULL,NULL,'2015-09-30','2015-08-22 17:44:05',NULL,NULL,NULL,NULL,'\0','2015-08-22 17:44:05',4,NULL,NULL,NULL,NULL,99,'0.00',NULL,NULL,NULL,NULL,NULL,127,103,NULL,NULL),(129,0,'7000.00','Cr',NULL,NULL,5,NULL,NULL,'2015-09-30','2015-08-22 17:44:05',NULL,NULL,NULL,NULL,'\0','2015-08-22 17:44:05',4,NULL,NULL,NULL,NULL,101,'0.00',NULL,NULL,NULL,NULL,NULL,128,103,NULL,NULL),(130,0,'3000.00','Cr',NULL,NULL,5,NULL,NULL,'2015-09-30','2015-08-22 17:44:05',NULL,NULL,NULL,NULL,'\0','2015-08-22 17:44:05',4,NULL,NULL,NULL,NULL,100,'0.00',NULL,NULL,NULL,NULL,NULL,129,103,NULL,NULL),(131,0,'65000.00','Cr',NULL,NULL,5,NULL,NULL,'2015-09-30','2015-08-22 17:46:17',NULL,NULL,NULL,NULL,'\0','2015-08-22 17:46:17',4,NULL,NULL,NULL,NULL,81,'0.00',NULL,NULL,NULL,NULL,NULL,130,107,NULL,NULL),(135,0,'74000.00','Dr',NULL,NULL,5,NULL,NULL,'2015-09-30','2015-08-22 18:06:47',NULL,NULL,NULL,NULL,'\0','2015-08-22 18:06:47',4,NULL,NULL,NULL,NULL,105,'0.00',NULL,NULL,NULL,NULL,NULL,131,NULL,'14',35),(136,0,'74000.00','Cr',NULL,NULL,5,NULL,NULL,'2015-09-30','2015-08-22 18:06:47',NULL,NULL,NULL,NULL,'\0','2015-08-22 18:06:47',4,NULL,NULL,NULL,NULL,69,'0.00',NULL,NULL,NULL,NULL,NULL,132,135,NULL,NULL),(137,0,'73000.00','Dr',NULL,NULL,5,NULL,NULL,'2015-09-30','2015-08-22 18:09:46',NULL,NULL,NULL,NULL,'\0','2015-08-22 18:09:46',4,NULL,NULL,NULL,NULL,67,'0.00',NULL,NULL,NULL,NULL,NULL,133,NULL,'15',35),(138,0,'73000.00','Cr',NULL,NULL,5,NULL,NULL,'2015-09-30','2015-08-22 18:09:46',NULL,NULL,NULL,NULL,'\0','2015-08-22 18:09:46',4,NULL,NULL,NULL,NULL,105,'0.00',NULL,NULL,NULL,NULL,NULL,134,137,NULL,NULL),(139,0,'197000.00','Dr',NULL,NULL,5,NULL,NULL,'2015-09-30','2015-08-22 18:15:26',NULL,NULL,NULL,NULL,'\0','2015-08-22 18:15:26',4,NULL,NULL,NULL,NULL,85,'0.00',NULL,NULL,NULL,NULL,NULL,135,NULL,'16',35),(140,0,'197000.00','Cr',NULL,NULL,5,NULL,NULL,'2015-09-30','2015-08-22 18:15:26',NULL,NULL,NULL,NULL,'\0','2015-08-22 18:15:26',4,NULL,NULL,NULL,NULL,107,'0.00',NULL,NULL,NULL,NULL,NULL,136,139,NULL,NULL),(141,0,'136000.00','Dr',NULL,NULL,5,NULL,NULL,'2015-09-30','2015-08-22 18:16:32',NULL,NULL,NULL,NULL,'\0','2015-08-22 18:16:32',4,NULL,'e',NULL,NULL,107,'0.00',NULL,NULL,NULL,NULL,NULL,137,NULL,'17',35),(142,0,'136000.00','Cr',NULL,NULL,5,NULL,NULL,'2015-09-30','2015-08-22 18:16:32',NULL,NULL,NULL,NULL,'\0','2015-08-22 18:16:32',4,NULL,NULL,NULL,NULL,83,'0.00',NULL,NULL,NULL,NULL,NULL,138,141,NULL,NULL),(143,0,'15000.00','Dr',NULL,NULL,5,NULL,NULL,'2015-09-30','2015-08-22 18:17:37',NULL,NULL,NULL,NULL,'\0','2015-08-22 18:17:37',4,NULL,NULL,NULL,NULL,107,'0.00',NULL,NULL,NULL,NULL,NULL,139,NULL,'18',35),(144,0,'15000.00','Cr',NULL,NULL,5,NULL,NULL,'2015-09-30','2015-08-22 18:17:37',NULL,NULL,NULL,NULL,'\0','2015-08-22 18:17:37',4,NULL,NULL,NULL,NULL,84,'0.00',NULL,NULL,NULL,NULL,NULL,140,143,NULL,NULL),(145,0,'46000.00','Dr',NULL,NULL,5,NULL,NULL,'2015-09-30','2015-08-22 18:20:08',NULL,NULL,NULL,NULL,'\0','2015-08-22 18:20:08',4,NULL,NULL,NULL,NULL,107,'0.00',NULL,NULL,NULL,NULL,NULL,141,NULL,'8',36),(146,0,'46000.00','Cr',NULL,NULL,5,NULL,NULL,'2015-09-30','2015-08-22 18:20:08',NULL,NULL,NULL,NULL,'\0','2015-08-22 18:20:08',4,NULL,NULL,NULL,NULL,81,'0.00',NULL,NULL,NULL,NULL,NULL,142,145,NULL,NULL),(147,0,'15000.00','Dr',NULL,NULL,5,NULL,NULL,'2015-09-04','2015-09-04 14:56:00',NULL,NULL,NULL,NULL,'\0','2015-09-04 14:56:00',4,NULL,NULL,NULL,NULL,78,'0.00',NULL,NULL,NULL,NULL,NULL,143,NULL,'ve123',38),(148,0,'1800.00','Cr',NULL,NULL,5,NULL,NULL,'2015-09-04','2015-09-04 14:56:00',NULL,NULL,NULL,NULL,'\0','2015-09-04 14:56:00',4,NULL,NULL,NULL,NULL,85,'0.00',NULL,NULL,NULL,NULL,NULL,144,147,NULL,NULL),(149,0,'13200.00','Cr',NULL,NULL,5,NULL,NULL,'2015-09-04','2015-09-04 14:56:00',NULL,NULL,NULL,NULL,'\0','2015-09-04 14:56:00',4,NULL,NULL,NULL,NULL,64,'0.00',NULL,NULL,NULL,NULL,NULL,145,147,NULL,NULL),(150,0,'2300.00','Dr',NULL,NULL,5,NULL,NULL,'2015-09-04','2015-09-04 15:01:53',NULL,NULL,NULL,NULL,'\0','2015-09-04 15:01:53',4,NULL,NULL,NULL,NULL,85,'0.00',NULL,NULL,NULL,NULL,NULL,146,NULL,'19',35),(151,0,'2300.00','Cr',NULL,NULL,5,NULL,NULL,'2015-09-04','2015-09-04 15:01:53',NULL,NULL,NULL,NULL,'\0','2015-09-04 15:01:53',4,NULL,NULL,NULL,NULL,107,'0.00',NULL,NULL,NULL,NULL,NULL,147,150,NULL,NULL),(152,0,'100000.00','Cr',NULL,NULL,6,NULL,NULL,'2015-04-01','2015-09-14 16:59:45',NULL,NULL,NULL,NULL,'\0','2015-09-14 16:59:45',5,NULL,NULL,NULL,NULL,131,'0.00',NULL,NULL,NULL,NULL,NULL,148,NULL,'1',45),(153,0,'100000.00','Dr',NULL,NULL,6,NULL,NULL,'2015-04-01','2015-09-14 16:59:45',NULL,NULL,NULL,NULL,'\0','2015-09-14 16:59:45',5,NULL,NULL,NULL,NULL,143,'0.00',NULL,NULL,NULL,NULL,NULL,149,152,NULL,NULL),(154,0,'250000.00','Cr',NULL,NULL,6,NULL,NULL,'2015-04-02','2015-09-14 17:03:53',NULL,NULL,NULL,NULL,'\0','2015-09-14 17:03:53',5,NULL,NULL,NULL,NULL,132,'0.00',NULL,NULL,NULL,NULL,NULL,150,NULL,'2',45),(155,0,'250000.00','Dr',NULL,NULL,6,NULL,NULL,'2015-04-02','2015-09-14 17:03:53',NULL,NULL,NULL,NULL,'\0','2015-09-14 17:03:53',5,NULL,NULL,NULL,NULL,143,'0.00',NULL,NULL,NULL,NULL,NULL,151,154,NULL,NULL),(156,0,'400000.00','Dr',NULL,NULL,6,NULL,NULL,'2015-04-02','2015-09-14 17:07:21',NULL,NULL,NULL,NULL,'\0','2015-09-14 17:07:21',5,NULL,'Purchase of Plant',NULL,NULL,161,'0.00',NULL,NULL,NULL,NULL,NULL,152,NULL,'1',43),(157,0,'400000.00','Cr',NULL,NULL,6,NULL,NULL,'2015-04-02','2015-09-14 17:07:21',NULL,NULL,NULL,NULL,'\0','2015-09-14 17:07:21',5,NULL,NULL,NULL,NULL,201,'0.00',NULL,NULL,NULL,NULL,NULL,153,156,NULL,NULL),(158,0,'50000.00','Dr',NULL,NULL,6,NULL,NULL,'2015-04-02','2015-09-14 17:08:43',NULL,NULL,NULL,NULL,'\0','2015-09-14 17:08:43',5,NULL,NULL,NULL,NULL,162,'0.00',NULL,NULL,NULL,NULL,NULL,154,NULL,'2',43),(159,0,'50000.00','Cr',NULL,NULL,6,NULL,NULL,'2015-04-02','2015-09-14 17:08:43',NULL,NULL,NULL,NULL,'\0','2015-09-14 17:08:43',5,NULL,NULL,NULL,NULL,202,'0.00',NULL,NULL,NULL,NULL,NULL,155,158,NULL,NULL),(165,0,'567000.00','Cr',NULL,NULL,6,NULL,NULL,'2015-04-05','2015-09-14 17:28:28',NULL,NULL,NULL,NULL,'\0','2015-09-14 17:28:28',5,NULL,'005/',NULL,NULL,151,'0.00',NULL,NULL,NULL,NULL,NULL,161,NULL,'2',41),(169,0,'10000.00','Dr',NULL,NULL,6,NULL,NULL,'2015-04-05','2015-09-14 17:31:05',NULL,NULL,NULL,NULL,'\0','2015-09-14 17:31:05',5,NULL,'005/',NULL,NULL,140,'0.00',NULL,NULL,NULL,NULL,NULL,165,NULL,'3',43),(170,0,'10000.00','Cr',NULL,NULL,6,NULL,NULL,'2015-04-05','2015-09-14 17:31:05',NULL,NULL,NULL,NULL,'\0','2015-09-14 17:31:05',5,NULL,NULL,NULL,NULL,160,'0.00',NULL,NULL,NULL,NULL,NULL,166,169,NULL,NULL),(171,0,'700000.00','Dr',NULL,NULL,6,NULL,NULL,'2015-04-01','2015-09-14 17:44:41',NULL,NULL,NULL,NULL,'\0','2015-09-14 17:44:41',5,NULL,NULL,NULL,NULL,168,'0.00',NULL,NULL,NULL,NULL,NULL,167,NULL,'1',46),(172,0,'625000.00','Cr',NULL,NULL,6,NULL,NULL,'2015-04-01','2015-09-14 17:44:41',NULL,NULL,NULL,NULL,'\0','2015-09-14 17:44:41',5,NULL,NULL,NULL,NULL,203,'0.00',NULL,NULL,NULL,NULL,NULL,168,171,NULL,NULL),(173,0,'50000.00','Cr',NULL,NULL,6,NULL,NULL,'2015-04-01','2015-09-14 17:44:41',NULL,NULL,NULL,NULL,'\0','2015-09-14 17:44:41',5,NULL,NULL,NULL,NULL,157,'0.00',NULL,NULL,NULL,NULL,NULL,169,171,NULL,NULL),(174,0,'25000.00','Cr',NULL,NULL,6,NULL,NULL,'2015-04-01','2015-09-14 17:44:41',NULL,NULL,NULL,NULL,'\0','2015-09-14 17:44:41',5,NULL,NULL,NULL,NULL,204,'0.00',NULL,NULL,NULL,NULL,NULL,170,171,NULL,NULL),(175,0,'825000.00','Dr',NULL,NULL,6,NULL,NULL,'2015-04-05','2015-09-14 17:47:25',NULL,NULL,NULL,NULL,'\0','2015-09-14 17:47:25',5,NULL,NULL,NULL,NULL,166,'0.00',NULL,NULL,NULL,NULL,NULL,171,NULL,'2',46),(176,0,'715000.00','Cr',NULL,NULL,6,NULL,NULL,'2015-04-05','2015-09-14 17:47:25',NULL,NULL,NULL,NULL,'\0','2015-09-14 17:47:25',5,NULL,NULL,NULL,NULL,203,'0.00',NULL,NULL,NULL,NULL,NULL,172,175,NULL,NULL),(177,0,'85000.00','Cr',NULL,NULL,6,NULL,NULL,'2015-04-05','2015-09-14 17:47:25',NULL,NULL,NULL,NULL,'\0','2015-09-14 17:47:25',5,NULL,NULL,NULL,NULL,157,'0.00',NULL,NULL,NULL,NULL,NULL,173,175,NULL,NULL),(178,0,'25000.00','Cr',NULL,NULL,6,NULL,NULL,'2015-04-05','2015-09-14 17:47:25',NULL,NULL,NULL,NULL,'\0','2015-09-14 17:47:25',5,NULL,NULL,NULL,NULL,204,'0.00',NULL,NULL,NULL,NULL,NULL,174,175,NULL,NULL),(179,0,'410000.00','Dr',NULL,NULL,6,NULL,NULL,'2015-04-06','2015-09-14 17:50:22',NULL,NULL,NULL,NULL,'\0','2015-09-14 17:50:22',5,NULL,NULL,NULL,NULL,172,'0.00',NULL,NULL,NULL,NULL,NULL,175,NULL,'3',46),(180,0,'305000.00','Cr',NULL,NULL,6,NULL,NULL,'2015-04-06','2015-09-14 17:50:22',NULL,NULL,NULL,NULL,'\0','2015-09-14 17:50:22',5,NULL,NULL,NULL,NULL,203,'0.00',NULL,NULL,NULL,NULL,NULL,176,179,NULL,NULL),(181,0,'65000.00','Cr',NULL,NULL,6,NULL,NULL,'2015-04-06','2015-09-14 17:50:22',NULL,NULL,NULL,NULL,'\0','2015-09-14 17:50:22',5,NULL,NULL,NULL,NULL,157,'0.00',NULL,NULL,NULL,NULL,NULL,177,179,NULL,NULL),(182,0,'5000.00','Cr',NULL,NULL,6,NULL,NULL,'2015-04-06','2015-09-14 17:50:22',NULL,NULL,NULL,NULL,'\0','2015-09-14 17:50:22',5,NULL,NULL,NULL,NULL,193,'0.00',NULL,NULL,NULL,NULL,NULL,178,179,NULL,NULL),(183,0,'35000.00','Cr',NULL,NULL,6,NULL,NULL,'2015-04-06','2015-09-14 17:50:22',NULL,NULL,NULL,NULL,'\0','2015-09-14 17:50:22',5,NULL,NULL,NULL,NULL,204,'0.00',NULL,NULL,NULL,NULL,NULL,179,179,NULL,NULL),(184,0,'1152000.00','Cr',NULL,NULL,6,NULL,NULL,'2015-04-02','2015-09-14 18:34:39',NULL,NULL,NULL,NULL,'\0','2015-09-14 18:34:39',5,NULL,NULL,NULL,NULL,150,'0.00',NULL,NULL,NULL,NULL,NULL,180,NULL,'3',41),(185,0,'1000000.00','Dr',NULL,NULL,6,NULL,NULL,'2015-04-02','2015-09-14 18:34:39',NULL,NULL,NULL,NULL,'\0','2015-09-14 18:34:39',5,NULL,NULL,NULL,NULL,136,'0.00',NULL,NULL,NULL,NULL,NULL,181,184,NULL,NULL),(186,0,'127500.00','Dr',NULL,NULL,6,NULL,NULL,'2015-04-02','2015-09-14 18:34:39',NULL,NULL,NULL,NULL,'\0','2015-09-14 18:34:39',5,NULL,NULL,NULL,NULL,155,'0.00',NULL,NULL,NULL,NULL,NULL,182,184,NULL,NULL),(187,0,'12500.00','Dr',NULL,NULL,6,NULL,NULL,'2015-04-02','2015-09-14 18:34:39',NULL,NULL,NULL,NULL,'\0','2015-09-14 18:34:39',5,NULL,NULL,NULL,NULL,156,'0.00',NULL,NULL,NULL,NULL,NULL,183,184,NULL,NULL),(188,0,'12000.00','Dr',NULL,NULL,6,NULL,NULL,'2015-04-02','2015-09-14 18:34:39',NULL,NULL,NULL,NULL,'\0','2015-09-14 18:34:39',5,NULL,NULL,NULL,NULL,139,'0.00',NULL,NULL,NULL,NULL,NULL,184,184,NULL,NULL),(189,0,'50000.00','Cr',NULL,NULL,6,NULL,NULL,'2015-04-02','2015-09-14 18:36:09',NULL,NULL,NULL,NULL,'\0','2015-09-14 18:36:09',5,NULL,NULL,NULL,NULL,143,'0.00',NULL,NULL,NULL,NULL,NULL,185,NULL,'1',42),(190,0,'50000.00','Dr',NULL,NULL,6,NULL,NULL,'2015-04-02','2015-09-14 18:36:09',NULL,NULL,NULL,NULL,'\0','2015-09-14 18:36:09',5,NULL,NULL,NULL,NULL,125,'0.00',NULL,NULL,NULL,NULL,NULL,186,189,NULL,NULL),(191,0,'35000.00','Dr',NULL,NULL,6,NULL,NULL,'2015-05-04','2015-09-14 18:37:21',NULL,NULL,NULL,NULL,'\0','2015-09-14 18:37:21',5,NULL,NULL,NULL,NULL,154,'0.00',NULL,NULL,NULL,NULL,NULL,187,NULL,'4',46),(195,0,'526000.00','Dr',NULL,NULL,6,NULL,NULL,'2015-04-06','2015-09-14 18:48:29',NULL,NULL,NULL,NULL,'\0','2015-09-14 18:48:29',5,NULL,NULL,NULL,NULL,169,'0.00',NULL,NULL,NULL,NULL,NULL,191,NULL,'5',46),(196,0,'450000.00','Cr',NULL,NULL,6,NULL,NULL,'2015-04-06','2015-09-14 18:48:29',NULL,NULL,NULL,NULL,'\0','2015-09-14 18:48:29',5,NULL,NULL,NULL,NULL,203,'0.00',NULL,NULL,NULL,NULL,NULL,192,195,NULL,NULL),(197,0,'50000.00','Cr',NULL,NULL,6,NULL,NULL,'2015-04-06','2015-09-14 18:48:29',NULL,NULL,NULL,NULL,'\0','2015-09-14 18:48:29',5,NULL,NULL,NULL,NULL,157,'0.00',NULL,NULL,NULL,NULL,NULL,193,195,NULL,NULL),(198,0,'26000.00','Cr',NULL,NULL,6,NULL,NULL,'2015-04-06','2015-09-14 18:48:29',NULL,NULL,NULL,NULL,'\0','2015-09-14 18:48:29',5,NULL,NULL,NULL,NULL,204,'0.00',NULL,NULL,NULL,NULL,NULL,194,195,NULL,NULL),(199,1,'625000.00','Cr',NULL,NULL,6,NULL,NULL,'2015-04-20','2015-09-14 19:01:55',NULL,NULL,NULL,NULL,'\0','2015-09-14 19:48:08',5,NULL,NULL,NULL,NULL,168,'0.00',NULL,NULL,NULL,NULL,NULL,195,NULL,'3',45),(201,0,'825000.00','Cr',NULL,NULL,6,NULL,NULL,'2015-04-20','2015-09-14 19:09:58',NULL,NULL,NULL,NULL,'\0','2015-09-14 19:09:58',5,NULL,NULL,NULL,NULL,166,'0.00',NULL,NULL,NULL,NULL,NULL,197,NULL,'4',45),(202,0,'825000.00','Dr',NULL,NULL,6,NULL,NULL,'2015-04-20','2015-09-14 19:09:58',NULL,NULL,NULL,NULL,'\0','2015-09-14 19:09:58',5,NULL,NULL,NULL,NULL,143,'0.00',NULL,NULL,NULL,NULL,NULL,198,201,NULL,NULL),(203,0,'925000.00','Dr',NULL,NULL,6,NULL,NULL,'2015-04-30','2015-09-14 19:11:56',NULL,NULL,NULL,NULL,'\0','2015-09-14 19:11:56',5,NULL,NULL,NULL,NULL,150,'0.00',NULL,NULL,NULL,NULL,NULL,199,NULL,'1',44),(204,0,'925000.00','Cr',NULL,NULL,6,NULL,NULL,'2015-04-30','2015-09-14 19:11:56',NULL,NULL,NULL,NULL,'\0','2015-09-14 19:11:56',5,NULL,NULL,NULL,NULL,143,'0.00',NULL,NULL,NULL,NULL,NULL,200,203,NULL,NULL),(205,0,'500000.00','Dr',NULL,NULL,6,NULL,NULL,'2015-04-30','2015-09-14 19:13:22',NULL,NULL,NULL,NULL,'\0','2015-09-14 19:13:22',5,NULL,NULL,NULL,NULL,151,'0.00',NULL,NULL,NULL,NULL,NULL,201,NULL,'2',44),(206,0,'500000.00','Cr',NULL,NULL,6,NULL,NULL,'2015-04-30','2015-09-14 19:13:22',NULL,NULL,NULL,NULL,'\0','2015-09-14 19:13:22',5,NULL,NULL,NULL,NULL,143,'0.00',NULL,NULL,NULL,NULL,NULL,202,205,NULL,NULL),(207,0,'10000.00','Dr',NULL,NULL,6,NULL,NULL,'2015-04-30','2015-09-14 19:17:24',NULL,NULL,NULL,NULL,'\0','2015-09-14 19:17:24',5,NULL,NULL,NULL,NULL,186,'0.00',NULL,NULL,NULL,NULL,NULL,203,NULL,'4',43),(208,0,'10000.00','Cr',NULL,NULL,6,NULL,NULL,'2015-04-30','2015-09-14 19:17:24',NULL,NULL,NULL,NULL,'\0','2015-09-14 19:17:24',5,NULL,NULL,NULL,NULL,185,'0.00',NULL,NULL,NULL,NULL,NULL,204,207,NULL,NULL),(209,0,'10000.00','Dr',NULL,NULL,6,NULL,NULL,'2015-04-30','2015-09-14 19:19:06',NULL,NULL,NULL,NULL,'\0','2015-09-14 19:19:06',5,NULL,NULL,NULL,NULL,185,'0.00',NULL,NULL,NULL,NULL,NULL,205,NULL,'3',44),(210,0,'10000.00','Cr',NULL,NULL,6,NULL,NULL,'2015-04-30','2015-09-14 19:19:06',NULL,NULL,NULL,NULL,'\0','2015-09-14 19:19:06',5,NULL,NULL,NULL,NULL,143,'0.00',NULL,NULL,NULL,NULL,NULL,206,209,NULL,NULL),(211,0,'50000.00','Dr',NULL,NULL,6,NULL,NULL,'2015-04-30','2015-09-14 19:20:18',NULL,NULL,NULL,NULL,'\0','2015-09-14 19:20:18',5,NULL,NULL,NULL,NULL,164,'0.00',NULL,NULL,NULL,NULL,NULL,207,NULL,'5',43),(212,0,'50000.00','Cr',NULL,NULL,6,NULL,NULL,'2015-04-30','2015-09-14 19:20:18',NULL,NULL,NULL,NULL,'\0','2015-09-14 19:20:18',5,NULL,NULL,NULL,NULL,132,'0.00',NULL,NULL,NULL,NULL,NULL,208,211,NULL,NULL),(213,0,'5000.00','Dr',NULL,NULL,6,NULL,NULL,'2015-04-30','2015-09-14 19:21:04',NULL,NULL,NULL,NULL,'\0','2015-09-14 19:21:04',5,NULL,NULL,NULL,NULL,132,'0.00',NULL,NULL,NULL,NULL,NULL,209,NULL,'6',43),(214,0,'5000.00','Cr',NULL,NULL,6,NULL,NULL,'2015-04-30','2015-09-14 19:21:04',NULL,NULL,NULL,NULL,'\0','2015-09-14 19:21:04',5,NULL,NULL,NULL,NULL,198,'0.00',NULL,NULL,NULL,NULL,NULL,210,213,NULL,NULL),(215,0,'45000.00','Dr',NULL,NULL,6,NULL,NULL,'2015-04-30','2015-09-14 19:21:49',NULL,NULL,NULL,NULL,'\0','2015-09-14 19:21:49',5,NULL,NULL,NULL,NULL,132,'0.00',NULL,NULL,NULL,NULL,NULL,211,NULL,'4',44),(216,0,'45000.00','Cr',NULL,NULL,6,NULL,NULL,'2015-04-30','2015-09-14 19:21:49',NULL,NULL,NULL,NULL,'\0','2015-09-14 19:21:49',5,NULL,NULL,NULL,NULL,143,'0.00',NULL,NULL,NULL,NULL,NULL,212,215,NULL,NULL),(217,0,'50000.00','Cr',NULL,NULL,6,NULL,NULL,'2015-04-30','2015-09-14 19:25:48',NULL,NULL,NULL,NULL,'\0','2015-09-14 19:25:48',5,NULL,NULL,NULL,NULL,196,'0.00',NULL,NULL,NULL,NULL,NULL,213,NULL,'4',41),(218,0,'50000.00','Dr',NULL,NULL,6,NULL,NULL,'2015-04-30','2015-09-14 19:25:48',NULL,NULL,NULL,NULL,'\0','2015-09-14 19:25:48',5,NULL,NULL,NULL,NULL,194,'0.00',NULL,NULL,NULL,NULL,NULL,214,217,NULL,NULL),(219,0,'30000.00','Dr',NULL,NULL,6,NULL,NULL,'2015-04-30','2015-09-14 19:26:21',NULL,NULL,NULL,NULL,'\0','2015-09-14 19:26:21',5,NULL,NULL,NULL,NULL,195,'0.00',NULL,NULL,NULL,NULL,NULL,215,NULL,'7',43),(220,0,'30000.00','Cr',NULL,NULL,6,NULL,NULL,'2015-04-30','2015-09-14 19:26:21',NULL,NULL,NULL,NULL,'\0','2015-09-14 19:26:21',5,NULL,NULL,NULL,NULL,197,'0.00',NULL,NULL,NULL,NULL,NULL,216,219,NULL,NULL),(221,0,'500.00','Dr',NULL,NULL,6,NULL,NULL,'2015-04-30','2015-09-14 19:27:00',NULL,NULL,NULL,NULL,'\0','2015-09-14 19:27:00',5,NULL,NULL,NULL,NULL,196,'0.00',NULL,NULL,NULL,NULL,NULL,217,NULL,'8',43),(222,0,'500.00','Cr',NULL,NULL,6,NULL,NULL,'2015-04-30','2015-09-14 19:27:00',NULL,NULL,NULL,NULL,'\0','2015-09-14 19:27:00',5,NULL,NULL,NULL,NULL,199,'0.00',NULL,NULL,NULL,NULL,NULL,218,221,NULL,NULL),(223,0,'50000.00','Dr',NULL,NULL,6,NULL,NULL,'2015-04-30','2015-09-14 19:27:40',NULL,NULL,NULL,NULL,'\0','2015-09-14 19:27:40',5,NULL,NULL,NULL,NULL,134,'0.00',NULL,NULL,NULL,NULL,NULL,219,NULL,'9',43),(224,0,'50000.00','Cr',NULL,NULL,6,NULL,NULL,'2015-04-30','2015-09-14 19:27:40',NULL,NULL,NULL,NULL,'\0','2015-09-14 19:27:40',5,NULL,NULL,NULL,NULL,133,'0.00',NULL,NULL,NULL,NULL,NULL,220,223,NULL,NULL),(225,0,'50000.00','Dr',NULL,NULL,6,NULL,NULL,'2015-04-30','2015-09-14 19:28:21',NULL,NULL,NULL,NULL,'\0','2015-09-14 19:28:21',5,NULL,NULL,NULL,NULL,133,'0.00',NULL,NULL,NULL,NULL,NULL,221,NULL,'5',44),(226,0,'50000.00','Cr',NULL,NULL,6,NULL,NULL,'2015-04-30','2015-09-14 19:28:21',NULL,NULL,NULL,NULL,'\0','2015-09-14 19:28:21',5,NULL,NULL,NULL,NULL,143,'0.00',NULL,NULL,NULL,NULL,NULL,222,225,NULL,NULL),(227,0,'625000.00','Dr',NULL,NULL,6,NULL,NULL,'2015-04-20','2015-09-14 19:48:08',NULL,NULL,NULL,NULL,'\0','2015-09-14 19:48:08',5,NULL,NULL,NULL,NULL,143,'0.00',NULL,NULL,NULL,NULL,NULL,223,199,NULL,NULL),(228,0,'167500.00','Dr',NULL,NULL,6,NULL,NULL,'2015-04-30','2015-09-14 20:09:54',NULL,NULL,NULL,NULL,'\0','2015-09-14 20:09:54',5,NULL,NULL,NULL,NULL,205,'0.00',NULL,NULL,NULL,NULL,NULL,224,NULL,'10',43),(229,0,'155000.00','Cr',NULL,NULL,6,NULL,NULL,'2015-04-30','2015-09-14 20:09:54',NULL,NULL,NULL,NULL,'\0','2015-09-14 20:09:54',5,NULL,NULL,NULL,NULL,155,'0.00',NULL,NULL,NULL,NULL,NULL,225,228,NULL,NULL),(230,0,'12500.00','Cr',NULL,NULL,6,NULL,NULL,'2015-04-30','2015-09-14 20:09:54',NULL,NULL,NULL,NULL,'\0','2015-09-14 20:09:54',5,NULL,NULL,NULL,NULL,156,'0.00',NULL,NULL,NULL,NULL,NULL,226,228,NULL,NULL),(231,0,'255200.00','Dr',NULL,NULL,6,NULL,NULL,'2015-04-30','2015-09-14 20:10:52',NULL,NULL,NULL,NULL,'\0','2015-09-14 20:10:52',5,NULL,NULL,NULL,NULL,157,'0.00',NULL,NULL,NULL,NULL,NULL,227,NULL,'11',43),(232,0,'255200.00','Cr',NULL,NULL,6,NULL,NULL,'2015-04-30','2015-09-14 20:10:52',NULL,NULL,NULL,NULL,'\0','2015-09-14 20:10:52',5,NULL,NULL,NULL,NULL,205,'0.00',NULL,NULL,NULL,NULL,NULL,228,231,NULL,NULL),(233,0,'527500.00','Dr',NULL,NULL,6,NULL,NULL,'2015-04-05','2015-09-14 20:14:47',NULL,NULL,NULL,NULL,'\0','2015-09-14 20:14:47',5,NULL,NULL,NULL,NULL,136,'0.00',NULL,NULL,NULL,NULL,NULL,229,165,NULL,NULL),(234,0,'27500.00','Dr',NULL,NULL,6,NULL,NULL,'2015-04-05','2015-09-14 20:14:47',NULL,NULL,NULL,NULL,'\0','2015-09-14 20:14:47',5,NULL,NULL,NULL,NULL,155,'0.00',NULL,NULL,NULL,NULL,NULL,230,165,NULL,NULL),(235,0,'12000.00','Dr',NULL,NULL,6,NULL,NULL,'2015-04-05','2015-09-14 20:14:47',NULL,NULL,NULL,NULL,'\0','2015-09-14 20:14:47',5,NULL,NULL,NULL,NULL,139,'0.00',NULL,NULL,NULL,NULL,NULL,231,165,NULL,NULL),(236,0,'26800.00','Cr',NULL,NULL,6,NULL,NULL,'2015-05-04','2015-09-14 20:17:05',NULL,NULL,NULL,NULL,'\0','2015-09-14 20:17:05',5,NULL,NULL,NULL,NULL,203,'0.00',NULL,NULL,NULL,NULL,NULL,232,191,NULL,NULL),(237,0,'12000.00','Dr',NULL,NULL,6,NULL,NULL,'2015-10-14','2015-10-14 12:26:47',NULL,NULL,NULL,NULL,'\0','2015-10-14 12:26:47',5,NULL,NULL,NULL,NULL,201,'0.00',NULL,NULL,NULL,NULL,NULL,233,NULL,'6',46),(238,0,'12000.00','Cr',NULL,NULL,6,NULL,NULL,'2015-10-14','2015-10-14 12:26:47',NULL,NULL,NULL,NULL,'\0','2015-10-14 12:26:47',5,NULL,'sales invoice',NULL,NULL,203,'0.00',NULL,NULL,NULL,NULL,NULL,234,237,NULL,NULL),(239,0,'0.00',NULL,NULL,NULL,6,NULL,NULL,'2015-10-12','2015-10-14 12:48:18',NULL,NULL,NULL,NULL,'\0','2015-10-14 12:48:18',5,NULL,NULL,NULL,NULL,207,'0.00',NULL,NULL,NULL,NULL,NULL,235,NULL,NULL,NULL),(240,0,'0.00',NULL,NULL,NULL,6,NULL,NULL,'2015-10-12','2015-10-14 12:49:40',NULL,NULL,NULL,NULL,'\0','2015-10-14 12:49:40',5,NULL,NULL,NULL,NULL,207,'0.00',NULL,NULL,NULL,NULL,NULL,236,NULL,'7',46);

/*Table structure for table `voucher_bill_details` */

DROP TABLE IF EXISTS `voucher_bill_details`;

CREATE TABLE `voucher_bill_details` (
  `id` bigint(20) NOT NULL AUTO_INCREMENT,
  `version` bigint(20) NOT NULL,
  `amount` decimal(19,2) NOT NULL,
  `amount_status` varchar(255) DEFAULT NULL,
  `bill_date` date DEFAULT NULL,
  `bill_no` varchar(255) DEFAULT NULL,
  `company_id` bigint(20) NOT NULL,
  `cr_days` decimal(19,2) NOT NULL,
  `date_created` datetime NOT NULL,
  `last_updated` datetime NOT NULL,
  `last_updated_by_id` bigint(20) NOT NULL,
  `narration` varchar(255) DEFAULT NULL,
  `party_name_id` bigint(20) DEFAULT NULL,
  `type_of_ref_id` bigint(20) DEFAULT NULL,
  `unique_key` int(11) NOT NULL,
  `voucher_id` bigint(20) DEFAULT NULL,
  PRIMARY KEY (`id`),
  KEY `FK_ib64o8jmp1nhytil4t5wniax3` (`company_id`),
  KEY `FK_l6f0ld8dk0j9t3fcqph25gbsr` (`last_updated_by_id`),
  KEY `FK_ahlu6fe6gmfnhbouo21vc74he` (`party_name_id`),
  KEY `FK_aeew1w7uu5945sninxkk22498` (`type_of_ref_id`),
  KEY `FK_lfppav4f7buftcl700vjdrww0` (`voucher_id`),
  CONSTRAINT `FK_aeew1w7uu5945sninxkk22498` FOREIGN KEY (`type_of_ref_id`) REFERENCES `account_flag` (`id`),
  CONSTRAINT `FK_ahlu6fe6gmfnhbouo21vc74he` FOREIGN KEY (`party_name_id`) REFERENCES `account_ledger` (`id`),
  CONSTRAINT `FK_ib64o8jmp1nhytil4t5wniax3` FOREIGN KEY (`company_id`) REFERENCES `company` (`id`),
  CONSTRAINT `FK_l6f0ld8dk0j9t3fcqph25gbsr` FOREIGN KEY (`last_updated_by_id`) REFERENCES `user` (`id`),
  CONSTRAINT `FK_lfppav4f7buftcl700vjdrww0` FOREIGN KEY (`voucher_id`) REFERENCES `voucher` (`id`)
) ENGINE=InnoDB AUTO_INCREMENT=22 DEFAULT CHARSET=latin1;

/*Data for the table `voucher_bill_details` */

insert  into `voucher_bill_details`(`id`,`version`,`amount`,`amount_status`,`bill_date`,`bill_no`,`company_id`,`cr_days`,`date_created`,`last_updated`,`last_updated_by_id`,`narration`,`party_name_id`,`type_of_ref_id`,`unique_key`,`voucher_id`) values (1,0,'2000.00','Dr','2015-04-05',NULL,5,'0.00','2015-08-22 12:26:37','2015-08-22 12:26:37',4,NULL,82,4,1,50),(2,0,'100000.00','Cr','2015-04-05','123',5,'45.00','2015-08-22 12:45:56','2015-08-22 12:45:56',4,NULL,80,3,2,52),(3,0,'50000.00','Dr','2015-05-06','0001',5,'40.00','2015-08-22 12:50:31','2015-08-22 12:50:31',4,NULL,77,3,3,57),(4,0,'500000.00','Cr','2015-05-01','1456',5,'45.00','2015-08-22 14:02:37','2015-08-22 14:02:37',4,NULL,80,3,4,61),(5,0,'200000.00','Cr','2015-05-03','4565',5,'30.00','2015-08-22 14:04:43','2015-08-22 14:04:43',4,NULL,79,3,5,65),(6,0,'750000.00','Cr','2015-07-05','123',5,'30.00','2015-08-22 14:07:08','2015-08-22 14:07:08',4,NULL,79,3,6,70),(7,0,'1000000.00','Dr','2015-05-06','2',5,'30.00','2015-08-22 14:11:01','2015-08-22 14:11:01',4,NULL,77,3,7,74),(8,0,'650000.00','Dr','2015-07-07','4',5,'45.00','2015-08-22 14:21:59','2015-08-22 14:21:59',4,NULL,78,3,8,78),(9,0,'500000.00','Cr','2015-08-06','4',5,'0.00','2015-08-22 14:32:05','2015-08-22 14:32:05',4,NULL,78,2,9,83),(10,0,'200000.00','Dr','2015-07-01','4565',5,'0.00','2015-08-22 14:45:20','2015-08-22 14:45:20',4,NULL,79,2,10,85),(11,0,'300000.00','Dr','2015-07-01','123',5,'0.00','2015-08-22 14:45:20','2015-08-22 14:45:20',4,NULL,79,2,11,85),(12,0,'200000.00','Dr','2015-07-06','003',5,'45.00','2015-08-22 17:21:41','2015-08-22 17:21:41',4,NULL,77,3,12,120),(13,0,'15000.00','Dr','2015-09-04','98',5,'45.00','2015-09-04 14:56:00','2015-09-04 14:56:00',4,NULL,78,3,13,147),(14,0,'700000.00','Dr','2015-04-01','001/1516',6,'30.00','2015-09-14 17:44:41','2015-09-14 17:44:41',5,NULL,168,3,14,171),(15,0,'1152000.00','Cr','2015-04-02','001',6,'45.00','2015-09-14 18:34:39','2015-09-14 18:34:39',5,NULL,150,3,15,184),(16,0,'526000.00','Dr','2015-04-06','007/1516',6,'30.00','2015-09-14 18:48:29','2015-09-14 18:48:29',5,NULL,169,3,16,195),(18,0,'825000.00','Cr','2015-04-20','002/1516',6,'30.00','2015-09-14 19:09:58','2015-09-14 19:09:58',5,NULL,166,3,18,201),(19,0,'925000.00','Dr','2015-04-30','001',6,'45.00','2015-09-14 19:11:56','2015-09-14 19:11:56',5,NULL,150,2,19,203),(20,0,'625000.00','Cr',NULL,'001/1516',6,'30.00','2015-09-14 19:48:08','2015-09-14 19:48:08',5,NULL,168,2,20,199),(21,0,'12000.00','Dr','2015-10-14','456',6,'30.00','2015-10-14 12:26:47','2015-10-14 12:26:47',5,NULL,201,3,21,237);

/*Table structure for table `voucher_details` */

DROP TABLE IF EXISTS `voucher_details`;

CREATE TABLE `voucher_details` (
  `id` bigint(20) NOT NULL AUTO_INCREMENT,
  `version` bigint(20) NOT NULL,
  `amount` decimal(19,2) NOT NULL,
  `amount_status` varchar(255) DEFAULT NULL,
  `company_id` bigint(20) NOT NULL,
  `narration` varchar(2048) DEFAULT NULL,
  `particulars_id` bigint(20) DEFAULT NULL,
  `rate` decimal(19,2) NOT NULL,
  `unique_key` int(11) NOT NULL,
  `voucher_id` bigint(20) NOT NULL,
  PRIMARY KEY (`id`),
  KEY `FK_b15t5n3ytr8rsx8jfrknpdu6n` (`company_id`),
  KEY `FK_gvdvipuxfs5ox4b46iww8e16s` (`particulars_id`),
  KEY `FK_2vcxkvnfh3c32ca7cx35frbkv` (`voucher_id`),
  CONSTRAINT `FK_2vcxkvnfh3c32ca7cx35frbkv` FOREIGN KEY (`voucher_id`) REFERENCES `voucher` (`id`),
  CONSTRAINT `FK_b15t5n3ytr8rsx8jfrknpdu6n` FOREIGN KEY (`company_id`) REFERENCES `company` (`id`),
  CONSTRAINT `FK_gvdvipuxfs5ox4b46iww8e16s` FOREIGN KEY (`particulars_id`) REFERENCES `account_ledger` (`id`)
) ENGINE=InnoDB DEFAULT CHARSET=latin1;

/*Data for the table `voucher_details` */

/*Table structure for table `voucher_status` */

DROP TABLE IF EXISTS `voucher_status`;

CREATE TABLE `voucher_status` (
  `id` bigint(20) NOT NULL AUTO_INCREMENT,
  `version` bigint(20) NOT NULL,
  `child_label` varchar(255) DEFAULT NULL,
  `child_status` varchar(255) DEFAULT NULL,
  `parent_label` varchar(255) DEFAULT NULL,
  `parent_status` varchar(255) DEFAULT NULL,
  `voucher_property` varchar(255) DEFAULT NULL,
  PRIMARY KEY (`id`)
) ENGINE=InnoDB AUTO_INCREMENT=9 DEFAULT CHARSET=latin1;

/*Data for the table `voucher_status` */

insert  into `voucher_status`(`id`,`version`,`child_label`,`child_status`,`parent_label`,`parent_status`,`voucher_property`) values (1,0,'Credit','Cr','Amount(Dr)','Dr','Sale'),(2,0,'Debit','Dr','Amount(Cr)','Cr','Contra'),(3,0,'Credit','Cr','Amount(Dr)','Dr','Journal'),(4,0,'Credit','Cr','Amount(Dr)','Dr','Payment'),(5,0,'Debit','Dr','Amount(Cr)','Cr','Receipt'),(6,0,'Debit','Dr','Amount(Cr)','Cr','Purchase'),(7,0,'Debit','Dr','Amount(Cr)','Cr','Credit Note'),(8,0,'Credit','cr','Amount(Dr)','Dr','Debit Note');

/*Table structure for table `voucher_type` */

DROP TABLE IF EXISTS `voucher_type`;

CREATE TABLE `voucher_type` (
  `id` bigint(20) NOT NULL AUTO_INCREMENT,
  `version` bigint(20) NOT NULL,
  `alias` varchar(255) DEFAULT NULL,
  `company_id` bigint(20) NOT NULL,
  `date_created` datetime NOT NULL,
  `default_print_title` varchar(255) DEFAULT NULL,
  `is_prevent_duplicates` bit(1) NOT NULL,
  `is_type_update` bit(1) NOT NULL,
  `last_number` int(11) NOT NULL,
  `last_updated` datetime NOT NULL,
  `last_updated_by_id` bigint(20) NOT NULL,
  `method_of_voucher_numbering` varchar(255) DEFAULT NULL,
  `name` varchar(255) NOT NULL,
  `narration_for_each_entry` bit(1) NOT NULL,
  `prefix_with_zero` int(11) NOT NULL,
  `print_after_saving_voucher` bit(1) NOT NULL,
  `property` varchar(255) DEFAULT NULL,
  `start_number` int(11) NOT NULL,
  `type_of_voucher_id` bigint(20) DEFAULT NULL,
  `unique_key` int(11) NOT NULL,
  `use_adavance_configuration` bit(1) NOT NULL,
  `use_common_narration` bit(1) NOT NULL,
  `use_effective_dates_for_vouchers` bit(1) NOT NULL,
  `with_of_numerical_part` int(11) NOT NULL,
  PRIMARY KEY (`id`),
  KEY `FK_qqfeupqj1ijae9j4ibx830ho1` (`company_id`),
  KEY `FK_64awv726kcvo6blbjqc4dqapx` (`last_updated_by_id`),
  KEY `FK_9kfiff7pb87v29q85jhef9jjf` (`type_of_voucher_id`),
  CONSTRAINT `FK_64awv726kcvo6blbjqc4dqapx` FOREIGN KEY (`last_updated_by_id`) REFERENCES `user` (`id`),
  CONSTRAINT `FK_9kfiff7pb87v29q85jhef9jjf` FOREIGN KEY (`type_of_voucher_id`) REFERENCES `voucher_type` (`id`),
  CONSTRAINT `FK_qqfeupqj1ijae9j4ibx830ho1` FOREIGN KEY (`company_id`) REFERENCES `company` (`id`)
) ENGINE=InnoDB AUTO_INCREMENT=49 DEFAULT CHARSET=latin1;

/*Data for the table `voucher_type` */

insert  into `voucher_type`(`id`,`version`,`alias`,`company_id`,`date_created`,`default_print_title`,`is_prevent_duplicates`,`is_type_update`,`last_number`,`last_updated`,`last_updated_by_id`,`method_of_voucher_numbering`,`name`,`narration_for_each_entry`,`prefix_with_zero`,`print_after_saving_voucher`,`property`,`start_number`,`type_of_voucher_id`,`unique_key`,`use_adavance_configuration`,`use_common_narration`,`use_effective_dates_for_vouchers`,`with_of_numerical_part`) values (1,5,NULL,1,'2015-05-15 19:13:16','Purchase Invoice','\0','\0',5,'2015-08-21 12:12:31',1,'1','Purchase','\0',0,'\0','Purchase',0,NULL,1,'\0','','\0',0),(2,6,NULL,1,'2015-05-15 19:13:16','Contra Invoice','\0','\0',6,'2015-08-05 16:08:04',1,'1','Contra','\0',0,'\0','Contra',0,NULL,2,'\0','','\0',0),(3,0,NULL,1,'2015-05-15 19:13:16','Journal Invoice','\0','\0',0,'2015-05-15 19:13:16',1,'1','Journal','\0',0,'\0','Journal',0,NULL,3,'\0','','\0',0),(5,0,NULL,1,'2015-05-15 19:13:16','Receipt Voucher','\0','\0',0,'2015-05-15 19:13:16',1,'1','Receipt','\0',0,'\0','Receipt',0,NULL,5,'\0','','\0',0),(6,0,NULL,1,'2015-05-15 19:13:16','Sale Invoice','\0','\0',0,'2015-05-15 19:13:16',1,'1','Sale','',0,'\0','Sale',0,NULL,6,'\0','\0','\0',0),(7,0,NULL,1,'2015-05-15 19:13:16','Credit Note','\0','\0',0,'2015-05-15 19:13:16',1,'1','Credit Note','',0,'\0','Credit Note',0,NULL,7,'\0','\0','\0',0),(8,1,NULL,1,'2015-05-15 19:13:16','Debit Note','\0','\0',0,'2015-08-04 10:41:36',1,'2','Debit Note','',0,'\0','Debit Note',1,NULL,8,'\0','\0','\0',0),(9,1,NULL,2,'2015-05-15 19:49:08','Purchase Invoice','\0','\0',1,'2015-08-20 15:08:44',1,'1','Purchase','\0',0,'\0','Purchase',0,NULL,9,'\0','','\0',0),(10,0,NULL,2,'2015-05-15 19:49:08','Contra Invoice','\0','\0',0,'2015-05-15 19:49:08',1,'1','Contra','\0',0,'\0','Contra',0,NULL,10,'\0','','\0',0),(11,0,NULL,2,'2015-05-15 19:49:08','Journal Invoice','\0','\0',0,'2015-05-15 19:49:08',1,'1','Journal','\0',0,'\0','Journal',0,NULL,11,'\0','','\0',0),(12,0,NULL,2,'2015-05-15 19:49:08','Payment Voucher','\0','\0',0,'2015-05-15 19:49:08',1,'1','Payment','\0',0,'\0','Payment',0,NULL,12,'\0','','\0',0),(13,0,NULL,2,'2015-05-15 19:49:08','Receipt Voucher','\0','\0',0,'2015-05-15 19:49:08',1,'1','Receipt','\0',0,'\0','Receipt',0,NULL,13,'\0','','\0',0),(14,0,NULL,2,'2015-05-15 19:49:08','Sale Invoice','\0','\0',0,'2015-05-15 19:49:08',1,'1','Sale','',0,'\0','Sale',0,NULL,14,'\0','\0','\0',0),(15,0,NULL,2,'2015-05-15 19:49:08','Credit Note','\0','\0',0,'2015-05-15 19:49:08',1,'1','Credit Note','',0,'\0','Credit Note',0,NULL,15,'\0','\0','\0',0),(16,0,NULL,2,'2015-05-15 19:49:08','Debit Note','\0','\0',0,'2015-05-15 19:49:08',1,'1','Debit Note','',0,'\0','Debit Note',0,NULL,16,'\0','\0','\0',0),(17,0,NULL,3,'2015-05-31 12:47:26','Purchase Invoice','\0','\0',0,'2015-05-31 12:47:26',2,'1','Purchase','\0',0,'\0','Purchase',0,NULL,17,'\0','','\0',0),(18,0,NULL,3,'2015-05-31 12:47:26','Contra Invoice','\0','\0',0,'2015-05-31 12:47:26',2,'1','Contra','\0',0,'\0','Contra',0,NULL,18,'\0','','\0',0),(19,0,NULL,3,'2015-05-31 12:47:26','Journal Invoice','\0','\0',0,'2015-05-31 12:47:26',2,'1','Journal','\0',0,'\0','Journal',0,NULL,19,'\0','','\0',0),(20,0,NULL,3,'2015-05-31 12:47:26','Payment Voucher','\0','\0',0,'2015-05-31 12:47:26',2,'1','Payment','\0',0,'\0','Payment',0,NULL,20,'\0','','\0',0),(21,0,NULL,3,'2015-05-31 12:47:26','Receipt Voucher','\0','\0',0,'2015-05-31 12:47:26',2,'1','Receipt','\0',0,'\0','Receipt',0,NULL,21,'\0','','\0',0),(22,0,NULL,3,'2015-05-31 12:47:26','Sale Invoice','\0','\0',0,'2015-05-31 12:47:26',2,'1','Sale','',0,'\0','Sale',0,NULL,22,'\0','\0','\0',0),(23,0,NULL,3,'2015-05-31 12:47:26','Credit Note','\0','\0',0,'2015-05-31 12:47:26',2,'1','Credit Note','',0,'\0','Credit Note',0,NULL,23,'\0','\0','\0',0),(24,0,NULL,3,'2015-05-31 12:47:26','Debit Note','\0','\0',0,'2015-05-31 12:47:26',2,'1','Debit Note','',0,'\0','Debit Note',0,NULL,24,'\0','\0','\0',0),(25,0,NULL,4,'2015-05-31 13:04:46','Purchase Invoice','\0','\0',0,'2015-05-31 13:04:46',1,'1','Purchase','\0',0,'\0','Purchase',0,NULL,25,'\0','','\0',0),(26,0,NULL,4,'2015-05-31 13:04:46','Contra Invoice','\0','\0',0,'2015-05-31 13:04:46',1,'1','Contra','\0',0,'\0','Contra',0,NULL,26,'\0','','\0',0),(27,0,NULL,4,'2015-05-31 13:04:46','Journal Invoice','\0','\0',0,'2015-05-31 13:04:46',1,'1','Journal','\0',0,'\0','Journal',0,NULL,27,'\0','','\0',0),(28,0,NULL,4,'2015-05-31 13:04:46','Payment Voucher','\0','\0',0,'2015-05-31 13:04:46',1,'1','Payment','\0',0,'\0','Payment',0,NULL,28,'\0','','\0',0),(29,0,NULL,4,'2015-05-31 13:04:46','Receipt Voucher','\0','\0',0,'2015-05-31 13:04:46',1,'1','Receipt','\0',0,'\0','Receipt',0,NULL,29,'\0','','\0',0),(30,0,NULL,4,'2015-05-31 13:04:46','Sale Invoice','\0','\0',0,'2015-05-31 13:04:46',1,'1','Sale','',0,'\0','Sale',0,NULL,30,'\0','\0','\0',0),(31,0,NULL,4,'2015-05-31 13:04:46','Credit Note','\0','\0',0,'2015-05-31 13:04:46',1,'1','Credit Note','',0,'\0','Credit Note',0,NULL,31,'\0','\0','\0',0),(32,0,NULL,4,'2015-05-31 13:04:46','Debit Note','\0','\0',0,'2015-05-31 13:04:46',1,'1','Debit Note','',0,'\0','Debit Note',0,NULL,32,'\0','\0','\0',0),(33,5,NULL,5,'2015-08-22 10:34:35','Purchase Invoice','\0','\0',5,'2015-08-22 16:07:43',1,'1','Purchase','\0',0,'\0','Purchase',0,NULL,33,'\0','','\0',0),(34,1,NULL,5,'2015-08-22 10:34:35','Contra Invoice','\0','\0',1,'2015-08-22 11:41:02',1,'1','Contra','\0',0,'\0','Contra',0,NULL,34,'\0','','\0',0),(35,19,NULL,5,'2015-08-22 10:34:35','Journal Invoice','\0','\0',19,'2015-09-04 15:01:53',1,'1','Journal','\0',0,'\0','Journal',0,NULL,35,'\0','','\0',0),(36,8,NULL,5,'2015-08-22 10:34:35','Payment Voucher','\0','\0',8,'2015-08-22 18:20:08',1,'1','Payment','\0',0,'\0','Payment',0,NULL,36,'\0','','\0',0),(37,2,NULL,5,'2015-08-22 10:34:35','Receipt Voucher','\0','\0',2,'2015-08-22 14:32:05',1,'1','Receipt','\0',0,'\0','Receipt',0,NULL,37,'\0','','\0',0),(38,1,NULL,5,'2015-08-22 10:34:35','Sale Invoice','\0','\0',0,'2015-08-22 11:10:31',1,'2','Sale','',0,'\0','Sale',1,NULL,38,'\0','\0','\0',0),(39,0,NULL,5,'2015-08-22 10:34:35','Credit Note','\0','\0',0,'2015-08-22 10:34:35',1,'1','Credit Note','',0,'\0','Credit Note',0,NULL,39,'\0','\0','\0',0),(40,0,NULL,5,'2015-08-22 10:34:35','Debit Note','\0','\0',0,'2015-08-22 10:34:35',1,'1','Debit Note','',0,'\0','Debit Note',0,NULL,40,'\0','\0','\0',0),(41,4,NULL,6,'2015-09-04 11:46:42','Purchase Invoice','\0','\0',4,'2015-09-14 19:25:48',4,'1','Purchase','\0',0,'\0','Purchase',0,NULL,41,'\0','','\0',0),(42,1,NULL,6,'2015-09-04 11:46:42','Contra Invoice','\0','\0',1,'2015-09-14 18:36:09',4,'1','Contra','\0',0,'\0','Contra',0,NULL,42,'\0','','\0',0),(43,11,NULL,6,'2015-09-04 11:46:42','Journal Invoice','\0','\0',11,'2015-09-14 20:10:52',4,'1','Journal','\0',0,'\0','Journal',0,NULL,43,'\0','','\0',0),(44,5,NULL,6,'2015-09-04 11:46:42','Payment Voucher','\0','\0',5,'2015-09-14 19:28:21',4,'1','Payment','\0',0,'\0','Payment',0,NULL,44,'\0','','\0',0),(45,4,NULL,6,'2015-09-04 11:46:42','Receipt Voucher','\0','\0',4,'2015-09-14 19:09:58',4,'1','Receipt','\0',0,'\0','Receipt',0,NULL,45,'\0','','\0',0),(46,6,NULL,6,'2015-09-04 11:46:42','Sale Invoice','\0','\0',6,'2015-10-14 12:26:47',4,'1','Sale','',0,'\0','Sale',0,NULL,46,'\0','\0','\0',0),(47,0,NULL,6,'2015-09-04 11:46:42','Credit Note','\0','\0',0,'2015-09-04 11:46:42',4,'1','Credit Note','',0,'\0','Credit Note',0,NULL,47,'\0','\0','\0',0),(48,0,NULL,6,'2015-09-04 11:46:42','Debit Note','\0','\0',0,'2015-09-04 11:46:42',4,'1','Debit Note','',0,'\0','Debit Note',0,NULL,48,'\0','\0','\0',0);

/*!40101 SET SQL_MODE=@OLD_SQL_MODE */;
/*!40014 SET FOREIGN_KEY_CHECKS=@OLD_FOREIGN_KEY_CHECKS */;
/*!40014 SET UNIQUE_CHECKS=@OLD_UNIQUE_CHECKS */;
/*!40111 SET SQL_NOTES=@OLD_SQL_NOTES */;
